CASEID,PSU,CASENO,CASENUMBER,CATEGORY,VEHNO,GLAZLOC,GLAZTYPE,GLAZPRE,GLAZIMP,GLAZOCC,CASEWGT,PSUSTRAT,VERSION
6707,10,19,1-10-2017-019-02,2,1,1,1,1,2,3,62.26969384391000000000,4,2
7202,10,28,1-10-2017-028-03,3,1,1,1,1,2,3,224.66131530031300000000,4,2
7252,10,29,1-10-2017-029-05,5,1,1,1,1,2,3,50.22440395887630000000,4,2
7652,10,35,1-10-2017-035-05,5,1,2,2,2,1,2,46.58601633291680000000,4,2
7703,10,36,1-10-2017-036-08,8,1,1,1,1,2,3,120.86531935691100000000,4,2
7979,10,41,1-10-2017-041-09,9,1,1,1,1,2,3,2538.15212103402000000000,4,2
6619,11,11,1-11-2017-011-08,8,2,10,2,1,2,3,613.01599626985200000000,8,2
6809,11,18,1-11-2017-018-02,2,1,1,1,1,2,1,327.72235960346100000000,8,2
6809,11,18,1-11-2017-018-02,2,2,1,1,1,2,3,327.72235960346100000000,8,2
6844,11,19,1-11-2017-019-08,8,1,1,1,1,2,3,1502.31800595479000000000,8,2
7154,11,26,1-11-2017-026-05,5,2,1,1,1,2,3,562.47811420163700000000,8,2
7413,11,35,1-11-2017-035-01,1,2,1,1,1,3,4,473.93014835835700000000,8,2
6185,12,2,1-12-2017-002-06,6,2,5,2,1,6,1,6809.55000197747000000000,9,2
6185,12,2,1-12-2017-002-06,6,2,8,2,1,6,1,6809.55000197747000000000,9,2
6396,12,8,1-12-2017-008-03,3,1,7,5,2,6,1,1095.44977438854000000000,9,2
6438,12,9,1-12-2017-009-06,6,2,2,5,2,6,1,1810.24026052966000000000,9,2
7139,12,27,1-12-2017-027-01,1,1,1,1,1,3,3,473.93014835835700000000,9,2
7139,12,27,1-12-2017-027-01,1,1,2,99,9,6,1,473.93014835835700000000,9,2
7139,12,27,1-12-2017-027-01,1,1,3,99,9,6,1,473.93014835835700000000,9,2
7139,12,27,1-12-2017-027-01,1,1,4,99,9,6,1,473.93014835835700000000,9,2
7139,12,27,1-12-2017-027-01,1,1,7,99,9,6,1,473.93014835835700000000,9,2
7139,12,27,1-12-2017-027-01,1,1,10,99,9,6,1,473.93014835835700000000,9,2
7455,12,34,1-12-2017-034-04,4,1,1,1,1,1,3,3990.87077387485000000000,9,2
7618,12,39,1-12-2017-039-07,7,1,1,1,1,2,3,990.61558318088500000000,9,2
8066,12,53,1-12-2017-053-06,6,2,1,1,1,2,3,1216.52299057212000000000,9,2
8193,12,55,1-12-2017-055-05,5,1,1,1,1,5,9,385.57133132396900000000,9,2
8193,12,55,1-12-2017-055-05,5,1,2,2,2,6,1,385.57133132396900000000,9,2
8193,12,55,1-12-2017-055-05,5,1,4,6,2,6,1,385.57133132396900000000,9,2
8193,12,55,1-12-2017-055-05,5,1,5,6,1,6,1,385.57133132396900000000,9,2
8193,12,55,1-12-2017-055-05,5,1,7,6,2,6,1,385.57133132396900000000,9,2
8193,12,55,1-12-2017-055-05,5,1,8,6,1,6,1,385.57133132396900000000,9,2
8193,12,55,1-12-2017-055-05,5,1,10,6,1,6,1,385.57133132396900000000,9,2
8774,12,70,1-12-2017-070-01,1,1,2,99,9,6,9,473.93014835835700000000,9,2
6121,13,2,1-13-2017-002-03,3,2,2,2,2,1,8,721.07648595279900000000,7,2
6252,13,7,1-13-2017-007-02,2,2,2,4,2,2,3,62.50188682578690000000,7,2
6253,13,8,1-13-2017-008-01,1,1,1,1,1,9,9,188.95571273465500000000,7,2
6315,13,9,1-13-2017-009-04,4,2,3,4,2,1,2,4954.12389489274000000000,7,2
6591,13,21,1-13-2017-021-02,2,2,1,1,1,2,9,154.19440424639500000000,7,2
6882,13,36,1-13-2017-036-03,3,2,1,1,1,2,3,1223.97054512083000000000,7,2
6957,13,39,1-13-2017-039-02,2,5,1,1,1,4,9,140.15566461981000000000,7,2
6957,13,39,1-13-2017-039-02,2,5,6,4,1,6,1,140.15566461981000000000,7,2
6957,13,39,1-13-2017-039-02,2,5,9,4,1,6,1,140.15566461981000000000,7,2
6957,13,39,1-13-2017-039-02,2,5,10,4,1,6,1,140.15566461981000000000,7,2
6990,13,41,1-13-2017-041-02,2,1,1,1,1,1,9,114.87970684568800000000,7,2
6990,13,41,1-13-2017-041-02,2,1,2,5,2,1,9,114.87970684568800000000,7,2
7180,13,51,1-13-2017-051-02,2,1,1,1,1,2,3,223.87077588787700000000,7,2
7318,13,56,1-13-2017-056-02,2,2,1,1,1,1,3,201.63898984262400000000,7,2
7448,13,61,1-13-2017-061-05,5,1,1,1,1,2,3,111.72102148204900000000,7,2
7838,13,80,1-13-2017-080-02,2,1,1,1,1,2,4,51.90491220812200000000,7,2
7896,13,82,1-13-2017-082-05,5,2,1,1,1,2,3,95.65350164433570000000,7,2
7954,13,85,1-13-2017-085-09,9,1,1,1,1,3,1,5700.84514470473000000000,7,2
7954,13,85,1-13-2017-085-09,9,1,2,5,2,6,1,5700.84514470473000000000,7,2
8161,13,94,1-13-2017-094-08,8,2,1,1,1,5,3,700.49949956760400000000,7,2
6383,14,8,1-14-2017-008-08,8,1,1,1,1,1,3,1502.31800595479000000000,8,2
6618,14,15,1-14-2017-015-03,3,2,1,1,1,2,3,1955.82995505533000000000,8,2
6823,14,20,1-14-2017-020-02,2,2,3,2,3,1,2,358.19383091797000000000,8,2
6936,14,23,1-14-2017-023-02,2,1,1,1,1,2,9,310.24729344789100000000,8,2
7015,14,24,1-14-2017-024-02,2,1,1,1,1,2,3,621.76106225410500000000,8,2
7161,14,28,1-14-2017-028-02,2,2,1,1,1,2,3,299.17107424882100000000,8,2
7209,14,29,1-14-2017-029-07,7,1,1,1,1,2,3,5839.57216860709000000000,8,2
7655,14,40,1-14-2017-040-08,8,2,2,2,2,1,2,1502.31800595479000000000,8,2
7715,14,42,1-14-2017-042-02,2,1,1,1,1,2,3,216.31812574293200000000,8,2
7830,14,45,1-14-2017-045-05,5,1,1,1,1,2,3,331.76574405665300000000,8,2
8495,14,61,1-14-2017-061-05,5,1,1,1,1,2,1,425.66752853340800000000,8,2
8495,14,61,1-14-2017-061-05,5,1,2,99,9,6,1,425.66752853340800000000,8,2
8495,14,61,1-14-2017-061-05,5,1,4,99,1,1,1,425.66752853340800000000,8,2
8495,14,61,1-14-2017-061-05,5,1,7,99,1,1,1,425.66752853340800000000,8,2
8495,14,61,1-14-2017-061-05,5,1,10,99,1,1,1,425.66752853340800000000,8,2
8496,14,62,1-14-2017-062-01,1,1,1,1,1,2,9,473.93014835835700000000,8,2
8496,14,62,1-14-2017-062-01,1,1,2,99,9,6,9,473.93014835835700000000,8,2
8496,14,62,1-14-2017-062-01,1,1,3,5,2,1,9,473.93014835835700000000,8,2
8496,14,62,1-14-2017-062-01,1,1,4,99,9,6,9,473.93014835835700000000,8,2
8496,14,62,1-14-2017-062-01,1,1,5,99,1,6,9,473.93014835835700000000,8,2
8496,14,62,1-14-2017-062-01,1,1,7,99,9,6,9,473.93014835835700000000,8,2
8496,14,62,1-14-2017-062-01,1,1,8,5,1,6,9,473.93014835835700000000,8,2
8496,14,62,1-14-2017-062-01,1,1,10,99,1,6,9,473.93014835835700000000,8,2
8767,14,67,1-14-2017-067-02,2,1,1,1,1,2,3,382.61972314876800000000,8,2
6725,15,16,1-15-2017-016-05,5,1,1,1,1,2,9,165.94222400342600000000,1,2
6725,15,16,1-15-2017-016-05,5,1,2,4,2,1,1,165.94222400342600000000,1,2
6725,15,16,1-15-2017-016-05,5,1,3,4,2,6,1,165.94222400342600000000,1,2
6725,15,16,1-15-2017-016-05,5,1,4,5,1,6,1,165.94222400342600000000,1,2
6725,15,16,1-15-2017-016-05,5,1,7,5,1,6,1,165.94222400342600000000,1,2
6725,15,16,1-15-2017-016-05,5,1,10,5,1,6,1,165.94222400342600000000,1,2
6725,15,16,1-15-2017-016-05,5,1,13,6,2,1,1,165.94222400342600000000,1,2
7745,15,57,1-15-2017-057-03,3,2,1,1,1,1,3,320.25823357408600000000,1,2
7969,15,70,1-15-2017-070-03,3,1,1,1,1,2,3,270.28161021164900000000,1,2
8179,15,81,1-15-2017-081-02,2,1,2,99,9,1,8,11.53676591472070000000,1,2
6103,16,2,1-16-2017-002-03,3,2,1,1,1,1,3,299.33367263326100000000,5,2
6175,16,5,1-16-2017-005-09,9,2,1,1,1,1,3,2962.15877300143000000000,5,2
6303,16,9,1-16-2017-009-05,5,1,1,1,1,2,3,141.91999980010600000000,5,2
6349,16,11,1-16-2017-011-02,2,2,1,1,1,1,3,23.54765987378520000000,5,2
6386,16,13,1-16-2017-013-09,9,1,3,2,2,6,1,1126.03630615239000000000,5,2
6386,16,13,1-16-2017-013-09,9,1,10,99,2,6,1,1126.03630615239000000000,5,2
6386,16,13,1-16-2017-013-09,9,2,5,6,1,6,1,1126.03630615239000000000,5,2
6527,16,20,1-16-2017-020-01,1,1,1,1,1,2,9,114.65642815516700000000,5,2
6528,16,21,1-16-2017-021-05,5,1,2,3,2,6,1,83.13617271333370000000,5,2
6528,16,21,1-16-2017-021-05,5,1,4,3,2,6,1,83.13617271333370000000,5,2
6606,16,24,1-16-2017-024-02,2,2,1,1,1,2,9,33.68808999589450000000,5,2
6660,16,28,1-16-2017-028-08,8,2,7,3,2,6,1,1148.15376578354000000000,5,2
6660,16,28,1-16-2017-028-08,8,2,8,3,1,6,1,1148.15376578354000000000,5,2
6660,16,28,1-16-2017-028-08,8,2,10,3,1,6,1,1148.15376578354000000000,5,2
7240,16,48,1-16-2017-048-01,1,1,1,1,1,2,3,85.68803151017660000000,5,2
7304,16,51,1-16-2017-051-06,6,1,1,1,1,2,1,3067.09838689603000000000,5,2
7357,16,52,1-16-2017-052-08,8,1,2,3,2,1,2,446.39018515147900000000,5,2
7357,16,52,1-16-2017-052-08,8,2,5,3,1,6,1,446.39018515147900000000,5,2
7357,16,52,1-16-2017-052-08,8,2,13,99,4,6,1,446.39018515147900000000,5,2
7530,16,56,1-16-2017-056-05,5,1,2,2,2,6,1,67.91261798517790000000,5,2
7530,16,56,1-16-2017-056-05,5,1,3,2,2,6,1,67.91261798517790000000,5,2
7530,16,56,1-16-2017-056-05,5,1,4,2,2,6,1,67.91261798517790000000,5,2
7589,16,57,1-16-2017-057-03,3,2,4,2,1,6,1,1086.81269314683000000000,5,2
7657,16,59,1-16-2017-059-02,2,2,3,3,2,6,1,36.43112050276990000000,5,2
7657,16,59,1-16-2017-059-02,2,2,7,3,2,6,1,36.43112050276990000000,5,2
7842,16,61,1-16-2017-061-03,3,2,2,2,2,6,1,758.40852943395400000000,5,2
8953,16,93,1-16-2017-093-03,3,1,2,6,2,6,1,387.27514087760900000000,5,2
6635,17,18,1-17-2017-018-01,1,1,2,2,2,6,1,269.66330320321100000000,4,2
7066,17,31,1-17-2017-031-02,2,2,7,6,2,1,2,67.58279126353610000000,4,2
7558,17,49,1-17-2017-049-03,3,1,1,1,1,2,3,134.78804348316800000000,4,2
8810,17,92,1-17-2017-092-08,8,1,1,1,1,2,3,265.66832544665600000000,4,2
8948,17,94,1-17-2017-094-02,2,1,1,1,1,3,9,187.31185938244400000000,4,2
9025,17,95,1-17-2017-095-01,1,1,1,1,1,2,3,141.13979406929600000000,4,2
6504,18,10,1-18-2017-010-09,9,1,1,1,1,3,2,2893.11600762170000000000,6,2
6754,18,17,1-18-2017-017-09,9,1,1,1,1,2,3,2543.89401154685000000000,6,2
7069,18,26,1-18-2017-026-01,1,1,1,1,1,2,1,406.96035874213900000000,6,2
7069,18,26,1-18-2017-026-01,1,1,2,2,2,1,1,406.96035874213900000000,6,2
7069,18,26,1-18-2017-026-01,1,1,3,2,2,1,8,406.96035874213900000000,6,2
7069,18,26,1-18-2017-026-01,1,1,4,6,3,1,1,406.96035874213900000000,6,2
7069,18,26,1-18-2017-026-01,1,1,5,6,1,1,1,406.96035874213900000000,6,2
7069,18,26,1-18-2017-026-01,1,1,7,6,2,6,1,406.96035874213900000000,6,2
7069,18,26,1-18-2017-026-01,1,1,8,6,1,6,1,406.96035874213900000000,6,2
7069,18,26,1-18-2017-026-01,1,1,10,6,1,6,1,406.96035874213900000000,6,2
7069,18,26,1-18-2017-026-01,1,2,1,1,1,2,1,406.96035874213900000000,6,2
7069,18,26,1-18-2017-026-01,1,2,2,5,2,6,1,406.96035874213900000000,6,2
7069,18,26,1-18-2017-026-01,1,2,3,5,2,6,1,406.96035874213900000000,6,2
7069,18,26,1-18-2017-026-01,1,2,4,2,2,6,1,406.96035874213900000000,6,2
7069,18,26,1-18-2017-026-01,1,2,7,2,2,6,1,406.96035874213900000000,6,2
7069,18,26,1-18-2017-026-01,1,2,10,2,1,6,1,406.96035874213900000000,6,2
8880,18,73,1-18-2017-073-01,1,1,1,1,1,2,1,136.74127624896500000000,6,2
8880,18,73,1-18-2017-073-01,1,1,2,2,2,6,9,136.74127624896500000000,6,2
8880,18,73,1-18-2017-073-01,1,1,3,2,3,1,1,136.74127624896500000000,6,2
8880,18,73,1-18-2017-073-01,1,1,4,6,1,6,1,136.74127624896500000000,6,2
8880,18,73,1-18-2017-073-01,1,1,7,6,1,7,7,136.74127624896500000000,6,2
8880,18,73,1-18-2017-073-01,1,1,10,2,1,6,1,136.74127624896500000000,6,2
6266,19,13,1-19-2017-013-05,5,1,1,1,1,2,3,79.98489951025890000000,9,2
6269,19,14,1-19-2017-014-09,9,1,1,1,1,1,3,933.15590969023200000000,9,2
6310,19,17,1-19-2017-017-02,2,1,1,1,1,1,3,102.08901342749200000000,9,2
6312,19,18,1-19-2017-018-03,3,2,1,1,1,1,3,252.84641086525500000000,9,2
6362,19,19,1-19-2017-019-06,6,2,1,1,1,2,2,417.70420985892400000000,9,2
6498,19,26,1-19-2017-026-05,5,2,1,1,1,2,3,253.13956462978300000000,9,2
6584,19,31,1-19-2017-031-05,5,1,1,1,1,1,3,79.98489951025890000000,9,2
6712,19,38,1-19-2017-038-08,8,2,1,1,1,1,3,910.33628787797500000000,9,2
6904,19,48,1-19-2017-048-01,1,1,1,1,1,2,3,144.57700864551200000000,9,2
7115,19,60,1-19-2017-060-05,5,2,1,1,1,1,3,169.97030620833300000000,9,2
7215,19,65,1-19-2017-065-02,2,2,1,1,1,2,3,102.08901342749200000000,9,2
7313,19,71,1-19-2017-071-02,2,1,1,1,1,2,3,102.25436852187300000000,9,2
7315,19,73,1-19-2017-073-06,6,1,1,1,1,2,3,1873.17869437277000000000,9,2
7364,19,75,1-19-2017-075-08,8,1,1,1,1,2,3,215.27777464898600000000,9,2
7429,19,78,1-19-2017-078-05,5,1,1,1,1,1,3,79.98489951025890000000,9,2
7588,19,84,1-19-2017-084-02,2,1,2,2,1,6,1,139.95942335359900000000,9,2
7658,19,85,1-19-2017-085-08,8,1,1,1,1,1,3,521.30132321064800000000,9,2
7852,19,94,1-19-2017-094-02,2,2,1,1,1,1,3,102.08901342749200000000,9,2
8365,19,116,1-19-2017-116-05,5,1,1,1,1,1,3,79.98489951025890000000,9,2
8700,19,130,1-19-2017-130-08,8,1,1,1,1,2,3,1502.31800595479000000000,9,2
8944,19,140,1-19-2017-140-01,1,1,1,1,1,1,3,144.57700864551200000000,9,2
6207,20,4,1-20-2017-004-04,4,1,1,1,1,1,3,671.33275677081700000000,11,2
6640,20,24,1-20-2017-024-01,1,1,1,1,1,9,9,69.28855850244140000000,11,2
6640,20,24,1-20-2017-024-01,1,1,2,2,9,9,9,69.28855850244140000000,11,2
6640,20,24,1-20-2017-024-01,1,1,3,2,9,9,9,69.28855850244140000000,11,2
6640,20,24,1-20-2017-024-01,1,1,4,2,9,9,9,69.28855850244140000000,11,2
6640,20,24,1-20-2017-024-01,1,1,7,2,9,9,9,69.28855850244140000000,11,2
6806,20,33,1-20-2017-033-08,8,1,1,1,1,9,9,313.37870302556000000000,11,2
6877,20,38,1-20-2017-038-08,8,1,1,1,1,2,9,222.08499015785700000000,11,2
6965,20,44,1-20-2017-044-05,5,1,1,1,1,2,3,73.05340524785740000000,11,2
6965,20,44,1-20-2017-044-05,5,1,2,3,9,9,9,73.05340524785740000000,11,2
6971,20,46,1-20-2017-046-02,2,1,1,1,1,2,9,39.06733804536630000000,11,2
6971,20,46,1-20-2017-046-02,2,1,4,2,9,9,9,39.06733804536630000000,11,2
6971,20,46,1-20-2017-046-02,2,2,1,1,1,2,1,39.06733804536630000000,11,2
6971,20,46,1-20-2017-046-02,2,2,2,2,9,4,9,39.06733804536630000000,11,2
6971,20,46,1-20-2017-046-02,2,2,3,2,2,2,1,39.06733804536630000000,11,2
7090,20,55,1-20-2017-055-02,2,1,1,99,1,4,9,39.06733804536630000000,11,2
7090,20,55,1-20-2017-055-02,2,1,2,2,2,2,9,39.06733804536630000000,11,2
7090,20,55,1-20-2017-055-02,2,1,3,2,9,6,1,39.06733804536630000000,11,2
7090,20,55,1-20-2017-055-02,2,1,4,2,2,6,1,39.06733804536630000000,11,2
7230,20,63,1-20-2017-063-08,8,1,1,1,1,2,3,118.63788302479000000000,11,2
7283,20,68,1-20-2017-068-09,9,2,1,1,1,2,9,1428.57730217801000000000,11,2
7330,20,71,1-20-2017-071-09,9,2,1,1,1,2,1,596.72288100961600000000,11,2
7330,20,71,1-20-2017-071-09,9,2,2,2,9,6,9,596.72288100961600000000,11,2
7330,20,71,1-20-2017-071-09,9,2,3,2,2,1,1,596.72288100961600000000,11,2
7330,20,71,1-20-2017-071-09,9,2,4,6,1,1,1,596.72288100961600000000,11,2
7330,20,71,1-20-2017-071-09,9,2,7,6,1,1,1,596.72288100961600000000,11,2
7442,20,78,1-20-2017-078-03,3,1,1,1,1,2,1,88.26899025723930000000,11,2
7557,20,85,1-20-2017-085-04,4,2,4,2,9,1,1,673.60444834326800000000,11,2
7860,20,100,1-20-2017-100-03,3,1,1,1,1,2,1,97.23967098172880000000,11,2
7860,20,100,1-20-2017-100-03,3,1,3,2,9,6,1,97.23967098172880000000,11,2
7860,20,100,1-20-2017-100-03,3,2,1,1,1,2,1,97.23967098172880000000,11,2
7915,20,103,1-20-2017-103-01,1,1,1,1,1,2,9,88.90847183912900000000,11,2
8016,20,110,1-20-2017-110-01,1,1,1,1,1,2,9,56.81933354281490000000,11,2
8016,20,110,1-20-2017-110-01,1,1,2,2,2,1,8,56.81933354281490000000,11,2
8016,20,110,1-20-2017-110-01,1,1,3,2,2,6,1,56.81933354281490000000,11,2
8016,20,110,1-20-2017-110-01,1,1,4,6,2,1,1,56.81933354281490000000,11,2
8016,20,110,1-20-2017-110-01,1,1,7,7,2,1,1,56.81933354281490000000,11,2
8016,20,110,1-20-2017-110-01,1,1,10,6,1,1,1,56.81933354281490000000,11,2
8384,20,134,1-20-2017-134-02,2,1,1,1,1,2,9,39.06733804536630000000,11,2
8825,20,154,1-20-2017-154-05,5,1,1,1,1,2,9,37.31615053221780000000,11,2
8973,20,162,1-20-2017-162-02,2,2,1,1,1,2,9,39.06733804536630000000,11,2
6679,21,13,1-21-2017-013-08,8,1,1,1,1,2,1,871.90685762861200000000,11,2
6679,21,13,1-21-2017-013-08,8,1,2,5,3,1,8,871.90685762861200000000,11,2
6679,21,13,1-21-2017-013-08,8,1,3,5,4,1,1,871.90685762861200000000,11,2
6679,21,13,1-21-2017-013-08,8,1,4,2,2,1,1,871.90685762861200000000,11,2
6679,21,13,1-21-2017-013-08,8,1,5,2,1,1,1,871.90685762861200000000,11,2
6679,21,13,1-21-2017-013-08,8,1,7,2,2,1,1,871.90685762861200000000,11,2
6679,21,13,1-21-2017-013-08,8,1,8,2,1,1,1,871.90685762861200000000,11,2
6679,21,13,1-21-2017-013-08,8,1,10,2,1,1,1,871.90685762861200000000,11,2
6793,21,16,1-21-2017-016-09,9,1,2,2,9,9,9,1166.36244670081000000000,11,2
7319,21,28,1-21-2017-028-03,3,1,1,1,1,2,3,367.46719304229100000000,11,2
8975,21,77,1-21-2017-077-03,3,1,1,1,1,9,9,332.65973799181000000000,11,2
6198,22,3,1-22-2017-003-09,9,1,1,1,1,1,1,358.51160696737600000000,12,2
6254,22,7,1-22-2017-007-09,9,1,1,1,1,2,1,302.83515933275000000000,12,2
6321,22,11,1-22-2017-011-09,9,1,2,2,2,6,1,282.52237571216900000000,12,2
6321,22,11,1-22-2017-011-09,9,1,10,2,2,6,1,282.52237571216900000000,12,2
6448,22,18,1-22-2017-018-06,6,1,1,1,1,1,3,156.07118900757200000000,12,2
6448,22,18,1-22-2017-018-06,6,2,1,1,1,2,3,156.07118900757200000000,12,2
6500,22,20,1-22-2017-020-09,9,2,1,1,1,2,3,795.82838325283200000000,12,2
6501,22,21,1-22-2017-021-03,3,1,1,1,1,9,9,112.45942594115200000000,12,2
6501,22,21,1-22-2017-021-03,3,1,2,6,2,9,9,112.45942594115200000000,12,2
6501,22,21,1-22-2017-021-03,3,1,4,6,2,9,9,112.45942594115200000000,12,2
6501,22,21,1-22-2017-021-03,3,1,10,99,1,9,9,112.45942594115200000000,12,2
6544,22,22,1-22-2017-022-08,8,1,1,1,1,9,1,135.03227027435800000000,12,2
6544,22,22,1-22-2017-022-08,8,1,3,2,2,6,9,135.03227027435800000000,12,2
6595,22,24,1-22-2017-024-03,3,1,1,1,1,1,1,166.37461575824400000000,12,2
6596,22,25,1-22-2017-025-03,3,1,1,1,1,2,9,166.37461576679500000000,12,2
6596,22,25,1-22-2017-025-03,3,1,5,6,1,6,1,166.37461576679500000000,12,2
6596,22,25,1-22-2017-025-03,3,1,10,99,1,6,1,166.37461576679500000000,12,2
6649,22,28,1-22-2017-028-06,6,2,10,99,1,6,1,104.62562005192100000000,12,2
6795,22,37,1-22-2017-037-03,3,2,1,1,1,1,3,138.60198853582200000000,12,2
6875,22,41,1-22-2017-041-08,8,1,1,1,1,2,1,113.69569845778500000000,12,2
6875,22,41,1-22-2017-041-08,8,1,2,99,2,6,1,113.69569845778500000000,12,2
6875,22,41,1-22-2017-041-08,8,1,3,99,2,6,1,113.69569845778500000000,12,2
6875,22,41,1-22-2017-041-08,8,1,10,99,1,6,1,113.69569845778500000000,12,2
6920,22,44,1-22-2017-044-08,8,1,1,1,1,9,9,83.04274410109830000000,12,2
6925,22,45,1-22-2017-045-07,7,1,1,1,1,3,1,144.59741615121700000000,12,2
6960,22,46,1-22-2017-046-01,1,1,3,2,2,1,2,96.89001786134840000000,12,2
7028,22,50,1-22-2017-050-01,1,1,2,2,2,6,1,109.84231520000200000000,12,2
7071,22,52,1-22-2017-052-01,1,1,1,1,1,2,3,96.89001786134840000000,12,2
7071,22,52,1-22-2017-052-01,1,1,2,99,4,6,1,96.89001786134840000000,12,2
7071,22,52,1-22-2017-052-01,1,1,3,99,4,1,1,96.89001786134840000000,12,2
7071,22,52,1-22-2017-052-01,1,1,4,99,1,6,1,96.89001786134840000000,12,2
7071,22,52,1-22-2017-052-01,1,1,7,99,1,6,1,96.89001786134840000000,12,2
7071,22,52,1-22-2017-052-01,1,1,10,99,1,6,1,96.89001786134840000000,12,2
7071,22,52,1-22-2017-052-01,1,1,13,99,9,4,9,96.89001786134840000000,12,2
7071,22,52,1-22-2017-052-01,1,2,1,1,1,2,3,96.89001786134840000000,12,2
7128,22,55,1-22-2017-055-06,6,2,1,1,1,2,3,151.41385169557500000000,12,2
7178,22,59,1-22-2017-059-01,1,1,1,1,1,2,9,92.64588156526900000000,12,2
7178,22,59,1-22-2017-059-01,1,1,2,99,4,6,1,92.64588156526900000000,12,2
7178,22,59,1-22-2017-059-01,1,1,3,99,9,6,1,92.64588156526900000000,12,2
7178,22,59,1-22-2017-059-01,1,1,5,99,1,6,1,92.64588156526900000000,12,2
7178,22,59,1-22-2017-059-01,1,1,8,99,1,1,1,92.64588156526900000000,12,2
7178,22,59,1-22-2017-059-01,1,1,10,99,1,1,1,92.64588156526900000000,12,2
7220,22,62,1-22-2017-062-01,1,2,3,2,2,1,2,91.25203491962530000000,12,2
7433,22,72,1-22-2017-072-09,9,1,1,1,1,3,9,366.95208876298200000000,12,2
7433,22,72,1-22-2017-072-09,9,1,2,2,1,1,2,366.95208876298200000000,12,2
7433,22,72,1-22-2017-072-09,9,1,4,6,2,6,1,366.95208876298200000000,12,2
7433,22,72,1-22-2017-072-09,9,1,5,6,1,6,1,366.95208876298200000000,12,2
7433,22,72,1-22-2017-072-09,9,2,2,2,2,1,2,366.95208876298200000000,12,2
7434,22,73,1-22-2017-073-03,3,1,1,1,1,3,3,52.60059946373740000000,12,2
7673,22,83,1-22-2017-083-01,1,1,1,1,1,2,3,167.84368571586900000000,12,2
7729,22,86,1-22-2017-086-02,2,1,1,1,1,2,3,93.68323915589070000000,12,2
7781,22,88,1-22-2017-088-09,9,1,1,1,1,2,3,303.05820271233400000000,12,2
7782,22,89,1-22-2017-089-06,6,1,2,2,2,1,2,72.47892167535970000000,12,2
8220,22,106,1-22-2017-106-09,9,1,1,1,1,2,3,1949.08373954124000000000,12,2
8375,22,109,1-22-2017-109-05,5,1,1,1,1,2,4,87.19041119697200000000,12,2
8375,22,109,1-22-2017-109-05,5,1,2,2,2,1,1,87.19041119697200000000,12,2
8375,22,109,1-22-2017-109-05,5,1,3,2,2,1,1,87.19041119697200000000,12,2
8375,22,109,1-22-2017-109-05,5,1,4,2,2,1,1,87.19041119697200000000,12,2
8375,22,109,1-22-2017-109-05,5,1,7,2,2,1,1,87.19041119697200000000,12,2
8375,22,109,1-22-2017-109-05,5,1,10,2,1,1,1,87.19041119697200000000,12,2
8720,22,117,1-22-2017-117-08,8,1,1,1,1,2,1,286.84031103618500000000,12,2
8720,22,117,1-22-2017-117-08,8,1,2,2,2,6,1,286.84031103618500000000,12,2
8720,22,117,1-22-2017-117-08,8,1,3,2,2,6,1,286.84031103618500000000,12,2
8720,22,117,1-22-2017-117-08,8,1,5,2,2,1,1,286.84031103618500000000,12,2
8720,22,117,1-22-2017-117-08,8,1,8,2,2,6,1,286.84031103618500000000,12,2
8720,22,117,1-22-2017-117-08,8,1,10,2,1,1,1,286.84031103618500000000,12,2
8814,22,118,1-22-2017-118-05,5,1,1,1,1,2,1,106.50308289546700000000,12,2
8814,22,118,1-22-2017-118-05,5,1,2,2,2,6,1,106.50308289546700000000,12,2
8814,22,118,1-22-2017-118-05,5,1,3,2,2,1,1,106.50308289546700000000,12,2
8814,22,118,1-22-2017-118-05,5,1,4,2,2,6,1,106.50308289546700000000,12,2
8814,22,118,1-22-2017-118-05,5,1,5,2,1,6,1,106.50308289546700000000,12,2
8814,22,118,1-22-2017-118-05,5,1,7,2,2,6,1,106.50308289546700000000,12,2
8814,22,118,1-22-2017-118-05,5,1,8,2,1,6,1,106.50308289546700000000,12,2
8814,22,118,1-22-2017-118-05,5,1,10,2,1,6,1,106.50308289546700000000,12,2
8877,22,119,1-22-2017-119-01,1,1,1,1,1,3,9,96.89001789784920000000,12,2
8877,22,119,1-22-2017-119-01,1,1,2,2,2,6,1,96.89001789784920000000,12,2
8877,22,119,1-22-2017-119-01,1,1,3,2,2,6,1,96.89001789784920000000,12,2
8877,22,119,1-22-2017-119-01,1,1,4,6,2,1,1,96.89001789784920000000,12,2
8877,22,119,1-22-2017-119-01,1,1,5,6,2,1,1,96.89001789784920000000,12,2
8877,22,119,1-22-2017-119-01,1,1,6,6,1,6,1,96.89001789784920000000,12,2
8877,22,119,1-22-2017-119-01,1,1,7,6,2,1,1,96.89001789784920000000,12,2
8877,22,119,1-22-2017-119-01,1,1,8,6,2,1,1,96.89001789784920000000,12,2
8877,22,119,1-22-2017-119-01,1,1,9,6,1,1,1,96.89001789784920000000,12,2
8877,22,119,1-22-2017-119-01,1,1,10,6,1,6,1,96.89001789784920000000,12,2
6523,23,19,1-23-2017-019-06,6,1,3,2,9,6,1,299.44176983629100000000,5,2
6523,23,19,1-23-2017-019-06,6,2,3,3,9,6,1,299.44176983629100000000,5,2
6523,23,19,1-23-2017-019-06,6,2,10,99,1,6,1,299.44176983629100000000,5,2
6737,23,28,1-23-2017-028-03,3,1,2,2,2,6,1,266.70901729306100000000,5,2
6737,23,28,1-23-2017-028-03,3,1,5,6,2,6,1,266.70901729306100000000,5,2
6737,23,28,1-23-2017-028-03,3,2,1,1,1,2,3,266.70901729306100000000,5,2
6772,23,30,1-23-2017-030-09,9,1,1,1,1,2,1,1244.94209992097000000000,5,2
6772,23,30,1-23-2017-030-09,9,1,2,99,9,6,1,1244.94209992097000000000,5,2
6772,23,30,1-23-2017-030-09,9,1,3,99,9,6,1,1244.94209992097000000000,5,2
6772,23,30,1-23-2017-030-09,9,1,10,6,1,1,1,1244.94209992097000000000,5,2
6856,23,34,1-23-2017-034-02,2,1,1,1,1,2,9,66.34311433204550000000,5,2
7088,23,47,1-23-2017-047-07,7,1,1,1,1,2,3,527.73963605833200000000,5,2
7149,23,52,1-23-2017-052-03,3,1,2,2,9,6,1,209.71980600659600000000,5,2
7347,23,61,1-23-2017-061-04,4,1,2,3,2,6,1,703.85275360393300000000,5,2
7923,23,87,1-23-2017-087-07,7,2,8,5,1,6,1,547.74658299483300000000,5,2
8685,23,122,1-23-2017-122-06,6,2,2,2,2,1,2,344.12302557765400000000,5,2
8845,23,129,1-23-2017-129-03,3,1,2,2,9,1,2,222.50088883826900000000,5,2
8995,23,134,1-23-2017-134-08,8,1,1,1,1,2,9,65.32347782764800000000,5,2
6300,24,10,1-24-2017-010-06,6,1,1,1,1,2,2,757.58367996964900000000,1,2
6390,24,14,1-24-2017-014-01,1,2,1,1,1,2,3,176.18296182348300000000,1,2
6391,24,15,1-24-2017-015-05,5,1,1,1,1,2,3,127.74841654304300000000,1,2
6435,24,16,1-24-2017-016-03,3,2,2,2,2,1,8,427.57748639943300000000,1,2
6473,24,19,1-24-2017-019-02,2,2,1,1,1,1,3,89.59015041285330000000,1,2
6574,24,23,1-24-2017-023-06,6,1,2,2,2,1,8,1426.27999266478000000000,1,2
6623,24,25,1-24-2017-025-03,3,2,1,1,1,2,3,239.02638156329500000000,1,2
6702,24,29,1-24-2017-029-01,1,1,1,1,1,9,9,102.18628843108400000000,1,2
6938,24,42,1-24-2017-042-06,6,1,1,1,1,1,3,668.21132812746700000000,1,2
7621,24,76,1-24-2017-076-09,9,1,1,1,1,2,3,1266.84671863886000000000,1,2
7710,24,84,1-24-2017-084-03,3,1,2,99,2,1,2,176.84505609542000000000,1,2
7769,24,86,1-24-2017-086-02,2,2,1,1,1,1,2,112.00982559758300000000,1,2
7872,24,92,1-24-2017-092-10,10,1,1,1,1,1,3,5907.93595895522000000000,1,2
8112,24,106,1-24-2017-106-04,4,2,1,1,1,1,3,1255.21425961594000000000,1,2
8993,24,143,1-24-2017-143-04,4,2,2,2,1,1,2,968.17697393634800000000,1,2
9059,24,144,1-24-2017-144-09,9,1,1,1,1,2,9,2200.61571467920000000000,1,2
6774,25,6,1-25-2017-006-06,6,1,1,1,1,1,3,346.70031159718800000000,2,2
7595,25,20,1-25-2017-020-02,2,1,1,1,1,2,9,79.59160302730870000000,2,2
7711,25,24,1-25-2017-024-01,1,1,1,1,1,2,3,94.69738684641720000000,2,2
8451,25,45,1-25-2017-045-05,5,2,1,1,1,1,2,180.29805951285100000000,2,2
8487,25,46,1-25-2017-046-01,1,1,1,1,1,2,3,316.67564690482100000000,2,2
8628,25,47,1-25-2017-047-01,1,1,1,1,1,2,3,220.04999258550400000000,2,2
8628,25,47,1-25-2017-047-01,1,2,1,1,1,9,3,220.04999258550400000000,2,2
6972,26,26,1-26-2017-026-03,3,1,1,1,1,2,3,255.55207987794600000000,10,2
8203,26,61,1-26-2017-061-03,3,1,1,1,1,2,3,601.52033181196000000000,10,2
8932,26,82,1-26-2017-082-09,9,1,1,1,1,2,3,2929.00632154116000000000,10,2
9043,26,85,1-26-2017-085-03,3,2,1,1,1,2,3,285.16876480189000000000,10,2
7359,27,9,1-27-2017-009-03,3,2,2,2,2,1,2,385.47007583550300000000,3,2
7432,27,10,1-27-2017-010-03,3,2,1,1,1,2,3,249.63189607278600000000,3,2
7432,27,10,1-27-2017-010-03,3,2,8,2,1,6,1,249.63189607278600000000,3,2
8349,27,26,1-27-2017-026-02,2,2,1,1,1,2,3,45.16269853089900000000,3,2
8610,27,31,1-27-2017-031-04,4,1,2,2,2,1,2,1031.18363427330000000000,3,2
6297,28,5,1-28-2017-005-08,8,1,1,1,1,2,3,822.52828887404300000000,3,2
6429,28,8,1-28-2017-008-01,1,1,2,2,2,6,1,180.15142714186900000000,3,2
6811,28,18,1-28-2017-018-06,6,1,1,1,1,2,3,185.20971671486200000000,3,2
7043,28,24,1-28-2017-024-06,6,1,1,1,1,2,3,108.49822717474500000000,3,2
7043,28,24,1-28-2017-024-06,6,2,1,1,1,2,3,108.49822717474500000000,3,2
7097,28,26,1-28-2017-026-02,2,1,1,1,1,2,9,81.13717102787040000000,3,2
7097,28,26,1-28-2017-026-02,2,2,1,1,1,2,3,81.13717102787040000000,3,2
7287,28,33,1-28-2017-033-06,6,1,1,1,1,2,9,79.41392918444080000000,3,2
7756,28,43,1-28-2017-043-08,8,1,1,1,1,2,3,124.87171752246000000000,3,2
7810,28,46,1-28-2017-046-01,1,1,1,1,1,9,3,128.05981891792600000000,3,2
7880,28,47,1-28-2017-047-01,1,1,1,1,1,2,9,137.69706046310000000000,3,2
7880,28,47,1-28-2017-047-01,1,1,2,2,2,6,1,137.69706046310000000000,3,2
7880,28,47,1-28-2017-047-01,1,1,3,2,2,6,1,137.69706046310000000000,3,2
7880,28,47,1-28-2017-047-01,1,1,4,2,3,1,1,137.69706046310000000000,3,2
7880,28,47,1-28-2017-047-01,1,1,5,2,1,1,1,137.69706046310000000000,3,2
7880,28,47,1-28-2017-047-01,1,1,7,2,4,1,1,137.69706046310000000000,3,2
7880,28,47,1-28-2017-047-01,1,1,8,2,1,1,1,137.69706046310000000000,3,2
7880,28,47,1-28-2017-047-01,1,1,10,2,1,6,1,137.69706046310000000000,3,2
7880,28,47,1-28-2017-047-01,1,1,13,6,4,6,1,137.69706046310000000000,3,2
7881,28,48,1-28-2017-048-01,1,1,2,2,2,1,2,137.69706046310000000000,3,2
7983,28,50,1-28-2017-050-08,8,1,1,1,1,2,3,151.38868649781500000000,3,2
7983,28,50,1-28-2017-050-08,8,1,2,2,4,6,1,151.38868649781500000000,3,2
7983,28,50,1-28-2017-050-08,8,1,3,2,4,6,1,151.38868649781500000000,3,2
7983,28,50,1-28-2017-050-08,8,1,4,6,2,1,1,151.38868649781500000000,3,2
7983,28,50,1-28-2017-050-08,8,1,5,6,1,6,1,151.38868649781500000000,3,2
7983,28,50,1-28-2017-050-08,8,1,7,6,2,1,1,151.38868649781500000000,3,2
7983,28,50,1-28-2017-050-08,8,1,8,6,1,6,1,151.38868649781500000000,3,2
7983,28,50,1-28-2017-050-08,8,1,10,6,2,6,1,151.38868649781500000000,3,2
8104,28,54,1-28-2017-054-09,9,1,1,1,1,2,3,572.42584003220600000000,3,2
8104,28,54,1-28-2017-054-09,9,1,2,99,2,1,1,572.42584003220600000000,3,2
8104,28,54,1-28-2017-054-09,9,1,3,99,4,2,1,572.42584003220600000000,3,2
8104,28,54,1-28-2017-054-09,9,1,10,1,1,1,1,572.42584003220600000000,3,2
8412,28,61,1-28-2017-061-03,3,1,1,1,1,1,3,120.20143800652600000000,3,2
8704,28,64,1-28-2017-064-09,9,1,1,1,1,1,3,3000.90381316687000000000,3,2
8850,28,67,1-28-2017-067-05,5,1,1,1,1,2,9,104.63450295258000000000,3,2
8850,28,67,1-28-2017-067-05,5,1,2,2,3,1,2,104.63450295258000000000,3,2
8850,28,67,1-28-2017-067-05,5,1,3,2,2,6,1,104.63450295258000000000,3,2
8850,28,67,1-28-2017-067-05,5,1,4,2,2,1,1,104.63450295258000000000,3,2
8850,28,67,1-28-2017-067-05,5,1,5,2,1,1,1,104.63450295258000000000,3,2
8850,28,67,1-28-2017-067-05,5,1,7,2,2,1,1,104.63450295258000000000,3,2
8850,28,67,1-28-2017-067-05,5,1,8,2,1,1,1,104.63450295258000000000,3,2
8850,28,67,1-28-2017-067-05,5,1,10,2,1,6,1,104.63450295258000000000,3,2
8965,28,69,1-28-2017-069-01,1,1,1,1,1,2,9,116.18551682354700000000,3,2
6499,29,8,1-29-2017-008-06,6,1,1,1,1,2,3,540.08890513671200000000,2,2
6865,29,17,1-29-2017-017-02,2,2,1,1,1,3,5,81.43047605260140000000,2,2
8254,29,26,1-29-2017-026-06,6,1,1,1,1,1,3,856.28520130842600000000,2,2
8876,29,38,1-29-2017-038-08,8,1,1,1,1,2,6,411.50862525764600000000,2,2
6274,30,7,1-30-2017-007-03,3,1,1,1,1,2,3,195.27034061758200000000,10,2
6369,30,15,1-30-2017-015-04,4,2,1,99,1,9,9,1749.48622189022000000000,10,2
6369,30,15,1-30-2017-015-04,4,2,2,99,9,6,1,1749.48622189022000000000,10,2
6369,30,15,1-30-2017-015-04,4,2,3,99,9,6,1,1749.48622189022000000000,10,2
6369,30,15,1-30-2017-015-04,4,2,4,99,2,6,1,1749.48622189022000000000,10,2
6369,30,15,1-30-2017-015-04,4,2,5,99,1,1,1,1749.48622189022000000000,10,2
6369,30,15,1-30-2017-015-04,4,2,7,99,2,6,1,1749.48622189022000000000,10,2
6369,30,15,1-30-2017-015-04,4,2,8,99,1,6,1,1749.48622189022000000000,10,2
6369,30,15,1-30-2017-015-04,4,2,98,2,1,6,1,1749.48622189022000000000,10,2
7327,30,57,1-30-2017-057-05,5,2,1,1,1,1,3,127.57237189256300000000,10,2
7327,30,57,1-30-2017-057-05,5,2,2,2,2,1,1,127.57237189256300000000,10,2
7327,30,57,1-30-2017-057-05,5,2,3,2,2,1,1,127.57237189256300000000,10,2
7327,30,57,1-30-2017-057-05,5,2,4,2,2,1,1,127.57237189256300000000,10,2
7327,30,57,1-30-2017-057-05,5,2,5,2,1,1,1,127.57237189256300000000,10,2
7327,30,57,1-30-2017-057-05,5,2,7,2,2,1,1,127.57237189256300000000,10,2
7327,30,57,1-30-2017-057-05,5,2,8,2,1,1,1,127.57237189256300000000,10,2
7327,30,57,1-30-2017-057-05,5,2,10,2,1,1,1,127.57237189256300000000,10,2
7396,30,61,1-30-2017-061-03,3,1,1,1,1,1,3,539.22936404511500000000,10,2
7396,30,61,1-30-2017-061-03,3,2,1,1,1,2,3,539.22936404511500000000,10,2
7612,30,65,1-30-2017-065-04,4,2,1,1,1,1,3,1466.95760247911000000000,10,2
7612,30,65,1-30-2017-065-04,4,2,2,2,4,1,1,1466.95760247911000000000,10,2
7612,30,65,1-30-2017-065-04,4,2,3,2,2,1,1,1466.95760247911000000000,10,2
7612,30,65,1-30-2017-065-04,4,2,4,2,2,1,1,1466.95760247911000000000,10,2
7612,30,65,1-30-2017-065-04,4,2,5,2,1,1,1,1466.95760247911000000000,10,2
7612,30,65,1-30-2017-065-04,4,2,6,2,1,1,1,1466.95760247911000000000,10,2
7612,30,65,1-30-2017-065-04,4,2,7,2,2,1,1,1466.95760247911000000000,10,2
7612,30,65,1-30-2017-065-04,4,2,8,2,1,1,1,1466.95760247911000000000,10,2
7612,30,65,1-30-2017-065-04,4,2,9,2,1,1,1,1466.95760247911000000000,10,2
7612,30,65,1-30-2017-065-04,4,2,10,2,1,1,1,1466.95760247911000000000,10,2
7856,30,73,1-30-2017-073-03,3,1,1,1,1,1,3,435.40505207481300000000,10,2
7856,30,73,1-30-2017-073-03,3,1,2,2,2,1,1,435.40505207481300000000,10,2
7856,30,73,1-30-2017-073-03,3,1,3,2,2,1,1,435.40505207481300000000,10,2
7856,30,73,1-30-2017-073-03,3,1,10,2,1,1,1,435.40505207481300000000,10,2
8434,30,88,1-30-2017-088-08,8,1,1,1,1,4,1,1381.56410226577000000000,10,2
8434,30,88,1-30-2017-088-08,8,1,2,2,2,6,1,1381.56410226577000000000,10,2
8434,30,88,1-30-2017-088-08,8,1,3,2,2,6,1,1381.56410226577000000000,10,2
8434,30,88,1-30-2017-088-08,8,1,4,2,2,6,1,1381.56410226577000000000,10,2
8434,30,88,1-30-2017-088-08,8,1,7,2,2,6,1,1381.56410226577000000000,10,2
8434,30,88,1-30-2017-088-08,8,1,10,2,1,6,1,1381.56410226577000000000,10,2
8568,30,93,1-30-2017-093-05,5,2,1,1,1,2,3,214.96984617807500000000,10,2
8639,30,95,1-30-2017-095-05,5,1,1,1,1,1,3,205.62948498335200000000,10,2
8837,30,102,1-30-2017-102-02,2,1,1,1,1,2,6,61.32447502117920000000,10,2
8837,30,102,1-30-2017-102-02,2,1,2,2,2,6,1,61.32447502117920000000,10,2
8837,30,102,1-30-2017-102-02,2,1,3,2,2,6,1,61.32447502117920000000,10,2
8837,30,102,1-30-2017-102-02,2,1,4,5,9,1,1,61.32447502117920000000,10,2
8837,30,102,1-30-2017-102-02,2,1,7,5,2,6,1,61.32447502117920000000,10,2
8837,30,102,1-30-2017-102-02,2,1,10,5,1,6,1,61.32447502117920000000,10,2
8950,30,106,1-30-2017-106-10,10,1,2,2,2,1,2,9575.19094404344000000000,10,2
8110,31,42,1-31-2017-042-08,8,1,13,99,2,4,9,533.58540815661800000000,6,2
8501,31,43,1-31-2017-043-08,8,1,1,1,1,3,3,595.99305823341500000000,6,2
6305,32,9,1-32-2017-009-01,1,1,1,1,1,2,1,360.85524013826500000000,7,2
6305,32,9,1-32-2017-009-01,1,1,2,2,9,6,1,360.85524013826500000000,7,2
6305,32,9,1-32-2017-009-01,1,1,3,2,9,6,1,360.85524013826500000000,7,2
6305,32,9,1-32-2017-009-01,1,1,4,2,9,6,1,360.85524013826500000000,7,2
6305,32,9,1-32-2017-009-01,1,1,7,2,9,6,1,360.85524013826500000000,7,2
6305,32,9,1-32-2017-009-01,1,1,10,2,1,6,1,360.85524013826500000000,7,2
6392,32,13,1-32-2017-013-01,1,1,1,1,1,4,9,473.93014835835700000000,7,2
6860,32,36,1-32-2017-036-03,3,1,1,1,1,1,1,1642.02097146795000000000,7,2
6860,32,36,1-32-2017-036-03,3,1,2,3,2,1,2,1642.02097146795000000000,7,2
6860,32,36,1-32-2017-036-03,3,1,3,3,2,1,1,1642.02097146795000000000,7,2
6860,32,36,1-32-2017-036-03,3,1,4,4,2,1,1,1642.02097146795000000000,7,2
6860,32,36,1-32-2017-036-03,3,1,5,4,1,1,1,1642.02097146795000000000,7,2
6860,32,36,1-32-2017-036-03,3,1,6,4,1,1,1,1642.02097146795000000000,7,2
6860,32,36,1-32-2017-036-03,3,1,7,4,2,1,1,1642.02097146795000000000,7,2
6860,32,36,1-32-2017-036-03,3,1,8,4,1,1,1,1642.02097146795000000000,7,2
6860,32,36,1-32-2017-036-03,3,1,9,4,1,1,1,1642.02097146795000000000,7,2
6860,32,36,1-32-2017-036-03,3,1,10,6,2,1,1,1642.02097146795000000000,7,2
6860,32,36,1-32-2017-036-03,3,2,1,1,1,1,3,1642.02097146795000000000,7,2
7011,32,46,1-32-2017-046-02,2,1,1,1,1,2,3,199.81596105114200000000,7,2
7011,32,46,1-32-2017-046-02,2,1,2,5,2,1,1,199.81596105114200000000,7,2
7011,32,46,1-32-2017-046-02,2,1,3,5,2,1,1,199.81596105114200000000,7,2
7011,32,46,1-32-2017-046-02,2,1,4,5,2,1,1,199.81596105114200000000,7,2
7011,32,46,1-32-2017-046-02,2,1,5,5,1,1,1,199.81596105114200000000,7,2
7011,32,46,1-32-2017-046-02,2,1,7,5,2,1,1,199.81596105114200000000,7,2
7011,32,46,1-32-2017-046-02,2,1,8,5,1,1,1,199.81596105114200000000,7,2
7011,32,46,1-32-2017-046-02,2,1,10,5,1,1,1,199.81596105114200000000,7,2
7011,32,46,1-32-2017-046-02,2,1,13,6,4,1,1,199.81596105114200000000,7,2
7255,32,64,1-32-2017-064-06,6,1,1,1,1,1,3,967.18787873412400000000,7,2
7355,32,71,1-32-2017-071-09,9,1,1,1,1,1,3,7001.44042044344000000000,7,2
7814,32,94,1-32-2017-094-03,3,1,1,1,1,1,3,804.13036559925200000000,7,2
7815,32,95,1-32-2017-095-02,2,2,1,1,1,1,1,62.53208869677920000000,7,2
7815,32,95,1-32-2017-095-02,2,2,2,2,2,1,1,62.53208869677920000000,7,2
7815,32,95,1-32-2017-095-02,2,2,3,2,2,6,1,62.53208869677920000000,7,2
7815,32,95,1-32-2017-095-02,2,2,4,6,2,1,1,62.53208869677920000000,7,2
7815,32,95,1-32-2017-095-02,2,2,5,6,1,1,1,62.53208869677920000000,7,2
7815,32,95,1-32-2017-095-02,2,2,7,6,2,1,1,62.53208869677920000000,7,2
7815,32,95,1-32-2017-095-02,2,2,8,6,1,6,1,62.53208869677920000000,7,2
7815,32,95,1-32-2017-095-02,2,2,10,6,2,6,1,62.53208869677920000000,7,2
7815,32,95,1-32-2017-095-02,2,2,13,99,2,1,1,62.53208869677920000000,7,2
7917,32,100,1-32-2017-100-06,6,1,1,1,1,9,9,1559.46989103299000000000,7,2
7917,32,100,1-32-2017-100-06,6,1,3,99,9,9,9,1559.46989103299000000000,7,2
8060,32,110,1-32-2017-110-02,2,1,1,1,1,1,3,86.24958115609160000000,7,2
8196,32,118,1-32-2017-118-03,3,2,1,1,1,1,3,1013.05107228539000000000,7,2
8482,32,130,1-32-2017-130-02,2,1,1,1,1,2,9,122.37293885271400000000,7,2
8559,32,137,1-32-2017-137-02,2,2,1,1,1,2,3,68.76183965759140000000,7,2
8592,32,138,1-32-2017-138-06,6,1,1,1,1,1,3,1714.99079327111000000000,7,2
8794,32,146,1-32-2017-146-01,1,1,2,5,2,6,1,249.08747836634000000000,7,2
8890,32,152,1-32-2017-152-01,1,1,1,1,1,3,5,174.50197157516000000000,7,2
6593,33,20,1-33-2017-020-03,3,1,1,1,1,2,9,100.55935913971500000000,12,2
6836,33,34,1-33-2017-034-08,8,1,1,1,1,2,9,217.88413356587100000000,12,2
6836,33,34,1-33-2017-034-08,8,1,2,2,2,6,1,217.88413356587100000000,12,2
6836,33,34,1-33-2017-034-08,8,1,3,2,2,6,1,217.88413356587100000000,12,2
6836,33,34,1-33-2017-034-08,8,1,4,2,1,6,1,217.88413356587100000000,12,2
6836,33,34,1-33-2017-034-08,8,1,7,2,1,6,1,217.88413356587100000000,12,2
6836,33,34,1-33-2017-034-08,8,1,10,2,1,6,1,217.88413356587100000000,12,2
6836,33,34,1-33-2017-034-08,8,1,13,2,2,6,1,217.88413356587100000000,12,2
6872,33,36,1-33-2017-036-01,1,1,1,1,1,2,3,90.08029465455380000000,12,2
6999,33,41,1-33-2017-041-09,9,1,1,1,1,1,3,731.68711279944900000000,12,2
7386,33,65,1-33-2017-065-09,9,1,1,1,1,2,9,231.34839188833400000000,12,2
7450,33,66,1-33-2017-066-01,1,2,1,1,1,5,9,94.84064786737410000000,12,2
7676,33,74,1-33-2017-074-09,9,1,10,2,1,6,1,885.89725164489400000000,12,2
7676,33,74,1-33-2017-074-09,9,2,10,2,1,1,8,885.89725164489400000000,12,2
8014,33,90,1-33-2017-090-01,1,1,1,1,1,2,1,72.21386212384040000000,12,2
8014,33,90,1-33-2017-090-01,1,1,2,2,4,1,1,72.21386212384040000000,12,2
8014,33,90,1-33-2017-090-01,1,1,3,2,3,1,1,72.21386212384040000000,12,2
8014,33,90,1-33-2017-090-01,1,1,4,2,9,6,1,72.21386212384040000000,12,2
8014,33,90,1-33-2017-090-01,1,1,5,6,1,6,1,72.21386212384040000000,12,2
8014,33,90,1-33-2017-090-01,1,1,7,2,3,1,1,72.21386212384040000000,12,2
8014,33,90,1-33-2017-090-01,1,1,8,6,1,1,1,72.21386212384040000000,12,2
8014,33,90,1-33-2017-090-01,1,1,10,6,2,1,1,72.21386212384040000000,12,2
8014,33,90,1-33-2017-090-01,1,1,13,6,2,1,1,72.21386212384040000000,12,2
8085,33,92,1-33-2017-092-02,2,1,1,1,1,3,9,66.33530947609500000000,12,2
