CASEID,PSU,CASENO,CASENUMBER,CATEGORY,VEHNO,SEQUENCE,PREEVENT,CASEWGT,PSUSTRAT,VERSION
6150,10,1,1-10-2017-001-09,9,1,1,6,1076.86348486225000000000,4,2
6228,10,3,1-10-2017-003-09,9,2,1,2,1098.36140168446000000000,4,2
6344,10,5,1-10-2017-005-02,2,1,1,8,53.68210378179620000000,4,2
6388,10,6,1-10-2017-006-03,3,1,1,6,75.97520163352230000000,4,2
6389,10,7,1-10-2017-007-07,7,1,1,2,285.32792287939100000000,4,2
6389,10,7,1-10-2017-007-07,7,1,2,6,285.32792287939100000000,4,2
6427,10,8,1-10-2017-008-09,9,1,1,99,290.76562003739600000000,4,2
6427,10,8,1-10-2017-008-09,9,2,1,99,290.76562003739600000000,4,2
6482,10,11,1-10-2017-011-03,3,1,1,4,157.31295499839300000000,4,2
6482,10,11,1-10-2017-011-03,3,1,2,8,157.31295499839300000000,4,2
6563,10,14,1-10-2017-014-05,5,1,1,2,32.23828227143420000000,4,2
6563,10,14,1-10-2017-014-05,5,1,2,6,32.23828227143420000000,4,2
6628,10,18,1-10-2017-018-04,4,3,1,2,602.83113887967900000000,4,2
6707,10,19,1-10-2017-019-02,2,1,1,8,62.26969384391000000000,4,2
6775,10,21,1-10-2017-021-10,10,1,1,6,3689.55001336570000000000,4,2
6869,10,22,1-10-2017-022-07,7,1,1,8,2737.61734606746000000000,4,2
6949,10,24,1-10-2017-024-08,8,1,1,2,337.45189273763100000000,4,2
6949,10,24,1-10-2017-024-08,8,1,2,6,337.45189273763100000000,4,2
7051,10,26,1-10-2017-026-07,7,1,1,8,1480.51162484181000000000,4,2
7202,10,28,1-10-2017-028-03,3,1,1,8,224.66131530031300000000,4,2
7345,10,31,1-10-2017-031-04,4,1,1,2,1650.22234645847000000000,4,2
7414,10,32,1-10-2017-032-05,5,1,1,2,62.63225049926320000000,4,2
7587,10,34,1-10-2017-034-07,7,1,1,6,424.43280550159400000000,4,2
7703,10,36,1-10-2017-036-08,8,1,1,6,120.86531935691100000000,4,2
7759,10,37,1-10-2017-037-05,5,1,1,2,41.58524342044350000000,4,2
7759,10,37,1-10-2017-037-05,5,1,2,6,41.58524342044350000000,4,2
7759,10,37,1-10-2017-037-05,5,1,3,98,41.58524342044350000000,4,2
7888,10,39,1-10-2017-039-02,2,1,1,2,46.34288220449190000000,4,2
7888,10,39,1-10-2017-039-02,2,1,2,2,46.34288220449190000000,4,2
7888,10,39,1-10-2017-039-02,2,1,3,3,46.34288220449190000000,4,2
7888,10,39,1-10-2017-039-02,2,2,1,2,46.34288220449190000000,4,2
7931,10,40,1-10-2017-040-06,6,1,1,8,1655.85275190167000000000,4,2
7979,10,41,1-10-2017-041-09,9,1,1,8,2538.15212103402000000000,4,2
8181,10,44,1-10-2017-044-09,9,2,1,2,280.29553550113300000000,4,2
8394,10,48,1-10-2017-048-03,3,2,1,8,110.88588488173800000000,4,2
8413,10,49,1-10-2017-049-03,3,1,1,8,157.20339285080300000000,4,2
8477,10,50,1-10-2017-050-09,9,1,1,4,203.90545677916600000000,4,2
8477,10,50,1-10-2017-050-09,9,1,2,2,203.90545677916600000000,4,2
8477,10,50,1-10-2017-050-09,9,1,3,6,203.90545677916600000000,4,2
8591,10,55,1-10-2017-055-03,3,1,1,2,96.12505643122980000000,4,2
8777,10,62,1-10-2017-062-07,7,1,1,2,39.70722521913540000000,4,2
6399,11,1,1-11-2017-001-06,6,1,1,2,1680.59640563005000000000,8,2
6399,11,1,1-11-2017-001-06,6,1,2,2,1680.59640563005000000000,8,2
6400,11,2,1-11-2017-002-07,7,1,1,8,4629.69511355905000000000,8,2
6400,11,2,1-11-2017-002-07,7,1,2,9,4629.69511355905000000000,8,2
6582,11,10,1-11-2017-010-08,8,1,1,4,1502.31800595479000000000,8,2
6582,11,10,1-11-2017-010-08,8,1,2,8,1502.31800595479000000000,8,2
6582,11,10,1-11-2017-010-08,8,1,3,7,1502.31800595479000000000,8,2
6582,11,10,1-11-2017-010-08,8,1,4,2,1502.31800595479000000000,8,2
6582,11,10,1-11-2017-010-08,8,1,5,2,1502.31800595479000000000,8,2
6582,11,10,1-11-2017-010-08,8,1,6,2,1502.31800595479000000000,8,2
6582,11,10,1-11-2017-010-08,8,1,7,6,1502.31800595479000000000,8,2
6620,11,12,1-11-2017-012-08,8,1,1,2,613.01599626985200000000,8,2
6620,11,12,1-11-2017-012-08,8,1,2,3,613.01599626985200000000,8,2
6620,11,12,1-11-2017-012-08,8,1,3,8,613.01599626985200000000,8,2
6666,11,13,1-11-2017-013-05,5,1,1,2,533.60897797681100000000,8,2
6666,11,13,1-11-2017-013-05,5,1,2,6,533.60897797681100000000,8,2
6667,11,14,1-11-2017-014-05,5,1,1,2,533.60897797681100000000,8,2
6706,11,16,1-11-2017-016-05,5,1,1,2,459.56320010308000000000,8,2
6746,11,17,1-11-2017-017-01,1,1,1,4,473.93014835835700000000,8,2
6746,11,17,1-11-2017-017-01,1,1,2,8,473.93014835835700000000,8,2
6809,11,18,1-11-2017-018-02,2,1,1,2,327.72235960346100000000,8,2
6844,11,19,1-11-2017-019-08,8,1,1,8,1502.31800595479000000000,8,2
6943,11,20,1-11-2017-020-01,1,1,1,6,142.98764664428800000000,8,2
7034,11,22,1-11-2017-022-06,6,1,1,2,6809.55000197747000000000,8,2
7042,11,23,1-11-2017-023-05,5,1,1,8,397.08111731963200000000,8,2
7042,11,23,1-11-2017-023-05,5,1,2,9,397.08111731963200000000,8,2
7042,11,23,1-11-2017-023-05,5,1,3,8,397.08111731963200000000,8,2
7095,11,24,1-11-2017-024-01,1,1,1,8,235.60164635252800000000,8,2
7395,11,33,1-11-2017-033-01,1,1,1,2,136.87480803214500000000,8,2
7413,11,35,1-11-2017-035-01,1,1,1,8,473.93014835835700000000,8,2
7570,11,37,1-11-2017-037-02,2,1,1,6,148.71630109271600000000,8,2
7748,11,40,1-11-2017-040-02,2,1,1,2,237.97610906699900000000,8,2
7926,11,41,1-11-2017-041-02,2,1,1,8,268.39318231611600000000,8,2
7927,11,42,1-11-2017-042-03,3,1,1,4,4196.66461204708000000000,8,2
7927,11,42,1-11-2017-042-03,3,1,2,4,4196.66461204708000000000,8,2
7927,11,42,1-11-2017-042-03,3,1,3,8,4196.66461204708000000000,8,2
8402,11,54,1-11-2017-054-09,9,1,1,6,11639.62060784460000000000,8,2
8471,11,55,1-11-2017-055-09,9,1,1,8,12809.28278492300000000000,8,2
8535,11,57,1-11-2017-057-02,2,1,1,8,606.20652262610400000000,8,2
8671,11,58,1-11-2017-058-03,3,1,1,2,2705.76245215757000000000,8,2
8990,11,63,1-11-2017-063-04,4,1,1,6,16228.30907686420000000000,8,2
6110,12,1,1-12-2017-001-06,6,1,1,8,831.84353437745300000000,9,2
6185,12,2,1-12-2017-002-06,6,1,1,6,6809.55000197747000000000,9,2
6238,12,3,1-12-2017-003-04,4,2,1,2,2969.00932898461000000000,9,2
6242,12,4,1-12-2017-004-07,7,1,1,6,3303.40692034561000000000,9,2
6367,12,7,1-12-2017-007-04,4,1,1,8,1021.86144489025000000000,9,2
6580,12,12,1-12-2017-012-08,8,1,1,8,1347.70857556865000000000,9,2
6671,12,13,1-12-2017-013-06,6,1,1,6,1527.56309545422000000000,9,2
6734,12,15,1-12-2017-015-09,9,1,1,8,3747.88353603989000000000,9,2
6747,12,16,1-12-2017-016-06,6,1,1,8,1702.36586596526000000000,9,2
6747,12,16,1-12-2017-016-06,6,1,2,9,1702.36586596526000000000,9,2
6747,12,16,1-12-2017-016-06,6,1,3,2,1702.36586596526000000000,9,2
6747,12,16,1-12-2017-016-06,6,1,4,2,1702.36586596526000000000,9,2
6747,12,16,1-12-2017-016-06,6,1,5,6,1702.36586596526000000000,9,2
6948,12,21,1-12-2017-021-03,3,1,1,2,1881.93111351030000000000,9,2
7005,12,23,1-12-2017-023-06,6,1,1,8,527.92250471460800000000,9,2
7014,12,24,1-12-2017-024-06,6,1,1,8,1919.29361022592000000000,9,2
7138,12,26,1-12-2017-026-10,10,1,1,6,3396.44710962869000000000,9,2
7138,12,26,1-12-2017-026-10,10,1,2,7,3396.44710962869000000000,9,2
7138,12,26,1-12-2017-026-10,10,1,3,4,3396.44710962869000000000,9,2
7138,12,26,1-12-2017-026-10,10,1,4,8,3396.44710962869000000000,9,2
7139,12,27,1-12-2017-027-01,1,1,1,8,473.93014835835700000000,9,2
7211,12,29,1-12-2017-029-09,9,1,1,2,3832.45356653444000000000,9,2
7211,12,29,1-12-2017-029-09,9,1,2,6,3832.45356653444000000000,9,2
7316,12,32,1-12-2017-032-03,3,1,1,6,631.78882147421700000000,9,2
7455,12,34,1-12-2017-034-04,4,1,1,2,3990.87077387485000000000,9,2
7456,12,35,1-12-2017-035-04,4,1,1,2,3990.87077387485000000000,9,2
7456,12,35,1-12-2017-035-04,4,1,2,6,3990.87077387485000000000,9,2
7618,12,39,1-12-2017-039-07,7,1,1,8,990.61558318088500000000,9,2
7674,12,40,1-12-2017-040-05,5,2,1,2,628.83294075430700000000,9,2
7709,12,42,1-12-2017-042-04,4,1,1,6,2139.05710310235000000000,9,2
7832,12,45,1-12-2017-045-09,9,1,1,2,3838.87221500274000000000,9,2
7832,12,45,1-12-2017-045-09,9,1,2,6,3838.87221500274000000000,9,2
7874,12,47,1-12-2017-047-09,9,1,1,8,2454.35239269099000000000,9,2
8194,12,56,1-12-2017-056-04,4,1,1,6,6880.05579409105000000000,9,2
8337,12,59,1-12-2017-059-04,4,1,1,6,3838.87370925107000000000,9,2
8338,12,60,1-12-2017-060-04,4,1,1,4,3838.87370925107000000000,9,2
8435,12,62,1-12-2017-062-03,3,1,1,4,441.84896571885700000000,9,2
8618,12,67,1-12-2017-067-04,4,1,1,6,952.92853576381300000000,9,2
8679,12,69,1-12-2017-069-03,3,1,1,8,1450.54178421601000000000,9,2
8774,12,70,1-12-2017-070-01,1,1,1,8,473.93014835835700000000,9,2
8792,12,71,1-12-2017-071-02,2,1,1,6,595.88224788933300000000,9,2
8939,12,74,1-12-2017-074-06,6,2,1,2,419.20923822946600000000,9,2
9045,12,75,1-12-2017-075-04,4,2,1,8,1851.81367077250000000000,9,2
6251,13,6,1-13-2017-006-03,3,1,1,8,803.97047188463400000000,7,2
6252,13,7,1-13-2017-007-02,2,2,1,8,62.50188682578690000000,7,2
6253,13,8,1-13-2017-008-01,1,1,1,2,188.95571273465500000000,7,2
6253,13,8,1-13-2017-008-01,1,1,2,2,188.95571273465500000000,7,2
6253,13,8,1-13-2017-008-01,1,2,1,8,188.95571273465500000000,7,2
6370,13,11,1-13-2017-011-08,8,1,1,8,1502.31800595479000000000,7,2
6444,13,14,1-13-2017-014-02,2,2,1,2,138.18107266463300000000,7,2
6444,13,14,1-13-2017-014-02,2,2,2,2,138.18107266463300000000,7,2
6444,13,14,1-13-2017-014-02,2,2,3,2,138.18107266463300000000,7,2
6444,13,14,1-13-2017-014-02,2,2,4,2,138.18107266463300000000,7,2
6493,13,16,1-13-2017-016-04,4,1,1,2,2740.02107410605000000000,7,2
6591,13,21,1-13-2017-021-02,2,1,1,8,154.19440424639500000000,7,2
6645,13,22,1-13-2017-022-06,6,1,1,2,2455.12215097887000000000,7,2
6645,13,22,1-13-2017-022-06,6,1,2,2,2455.12215097887000000000,7,2
6645,13,22,1-13-2017-022-06,6,1,3,6,2455.12215097887000000000,7,2
6646,13,23,1-13-2017-023-03,3,1,1,4,1265.85023364405000000000,7,2
6646,13,23,1-13-2017-023-03,3,1,2,5,1265.85023364405000000000,7,2
6682,13,24,1-13-2017-024-03,3,1,1,2,1287.69584822980000000000,7,2
6723,13,27,1-13-2017-027-08,8,1,1,6,1145.11784943843000000000,7,2
6723,13,27,1-13-2017-027-08,8,1,2,7,1145.11784943843000000000,7,2
6723,13,27,1-13-2017-027-08,8,1,3,4,1145.11784943843000000000,7,2
6723,13,27,1-13-2017-027-08,8,1,4,4,1145.11784943843000000000,7,2
6723,13,27,1-13-2017-027-08,8,1,5,8,1145.11784943843000000000,7,2
6907,13,38,1-13-2017-038-03,3,1,1,4,1994.16895971702000000000,7,2
6907,13,38,1-13-2017-038-03,3,1,2,8,1994.16895971702000000000,7,2
6957,13,39,1-13-2017-039-02,2,1,1,2,140.15566461981000000000,7,2
6958,13,40,1-13-2017-040-03,3,1,1,8,1802.84182676890000000000,7,2
6990,13,41,1-13-2017-041-02,2,2,1,2,114.87970684568800000000,7,2
7125,13,50,1-13-2017-050-04,4,1,1,4,2521.65929840692000000000,7,2
7180,13,51,1-13-2017-051-02,2,1,1,4,223.87077588787700000000,7,2
7180,13,51,1-13-2017-051-02,2,1,2,4,223.87077588787700000000,7,2
7180,13,51,1-13-2017-051-02,2,1,3,4,223.87077588787700000000,7,2
7180,13,51,1-13-2017-051-02,2,1,4,8,223.87077588787700000000,7,2
7268,13,55,1-13-2017-055-10,10,1,1,6,15216.83519490180000000000,7,2
7366,13,57,1-13-2017-057-07,7,1,1,4,3594.91327501110000000000,7,2
7366,13,57,1-13-2017-057-07,7,1,2,5,3594.91327501110000000000,7,2
7366,13,57,1-13-2017-057-07,7,1,3,2,3594.91327501110000000000,7,2
7366,13,57,1-13-2017-057-07,7,1,4,6,3594.91327501110000000000,7,2
7368,13,59,1-13-2017-059-03,3,1,1,8,991.88248214289800000000,7,2
7449,13,62,1-13-2017-062-06,6,1,1,8,1271.49345553496000000000,7,2
7548,13,64,1-13-2017-064-09,9,1,1,8,1604.95204628538000000000,7,2
7548,13,64,1-13-2017-064-09,9,1,2,9,1604.95204628538000000000,7,2
7548,13,64,1-13-2017-064-09,9,1,3,2,1604.95204628538000000000,7,2
7548,13,64,1-13-2017-064-09,9,1,4,6,1604.95204628538000000000,7,2
7670,13,69,1-13-2017-069-05,5,1,1,8,163.10554247397100000000,7,2
7671,13,70,1-13-2017-070-10,10,1,1,4,15640.02830766000000000000,7,2
7672,13,71,1-13-2017-071-03,3,1,1,2,957.09968157431400000000,7,2
7672,13,71,1-13-2017-071-03,3,1,2,6,957.09968157431400000000,7,2
7751,13,75,1-13-2017-075-04,4,1,1,2,2843.96092831067000000000,7,2
7751,13,75,1-13-2017-075-04,4,1,2,6,2843.96092831067000000000,7,2
7837,13,79,1-13-2017-079-03,3,1,1,2,667.66011205087700000000,7,2
7838,13,80,1-13-2017-080-02,2,1,1,6,51.90491220812200000000,7,2
7845,13,81,1-13-2017-081-06,6,1,1,8,1294.92975302644000000000,7,2
7898,13,84,1-13-2017-084-03,3,1,1,8,561.29261198903300000000,7,2
7954,13,85,1-13-2017-085-09,9,1,1,6,5700.84514470473000000000,7,2
7955,13,86,1-13-2017-086-07,7,1,1,2,3590.29038735847000000000,7,2
7955,13,86,1-13-2017-086-07,7,1,2,6,3590.29038735847000000000,7,2
7956,13,87,1-13-2017-087-02,2,1,1,6,77.01129182409220000000,7,2
8010,13,89,1-13-2017-089-09,9,2,1,4,6987.46072198689000000000,7,2
8079,13,92,1-13-2017-092-02,2,1,1,8,81.33040876967740000000,7,2
8080,13,93,1-13-2017-093-04,4,1,1,2,3656.31496346705000000000,7,2
8213,13,97,1-13-2017-097-07,7,2,1,4,2231.50714696432000000000,7,2
8214,13,98,1-13-2017-098-03,3,1,1,8,615.70131977854700000000,7,2
8215,13,99,1-13-2017-099-03,3,1,1,8,615.70131977957600000000,7,2
8265,13,102,1-13-2017-102-02,2,1,1,4,49.89282740340760000000,7,2
8290,13,103,1-13-2017-103-03,3,3,1,4,641.77838507364300000000,7,2
8458,13,109,1-13-2017-109-03,3,1,1,2,588.49684970036100000000,7,2
8458,13,109,1-13-2017-109-03,3,1,2,3,588.49684970036100000000,7,2
8458,13,109,1-13-2017-109-03,3,1,3,4,588.49684970036100000000,7,2
8458,13,109,1-13-2017-109-03,3,1,4,4,588.49684970036100000000,7,2
8513,13,112,1-13-2017-112-02,2,1,1,4,83.42930842796530000000,7,2
8572,13,114,1-13-2017-114-03,3,1,1,4,3137.67327522689000000000,7,2
8572,13,114,1-13-2017-114-03,3,1,2,4,3137.67327522689000000000,7,2
8632,13,115,1-13-2017-115-02,2,1,1,8,44.98935760972250000000,7,2
8817,13,123,1-13-2017-123-04,4,1,1,8,5139.79718527359000000000,7,2
8962,13,125,1-13-2017-125-03,3,1,1,4,1036.63662966674000000000,7,2
8955,13,126,1-13-2017-126-03,3,1,1,8,1036.63662975577000000000,7,2
8956,13,127,1-13-2017-127-01,1,1,1,2,243.63881520503200000000,7,2
9014,13,128,1-13-2017-128-02,2,1,1,2,192.70173398915500000000,7,2
9095,13,129,1-13-2017-129-01,1,1,1,4,205.85280195908900000000,7,2
9095,13,129,1-13-2017-129-01,1,1,2,4,205.85280195908900000000,7,2
9095,13,129,1-13-2017-129-01,1,1,3,8,205.85280195908900000000,7,2
6222,14,4,1-14-2017-004-10,10,1,1,2,5496.44877828333000000000,8,2
6383,14,8,1-14-2017-008-08,8,1,1,8,1502.31800595479000000000,8,2
6383,14,8,1-14-2017-008-08,8,1,2,9,1502.31800595479000000000,8,2
6383,14,8,1-14-2017-008-08,8,1,3,2,1502.31800595479000000000,8,2
6383,14,8,1-14-2017-008-08,8,1,4,6,1502.31800595479000000000,8,2
6462,14,10,1-14-2017-010-07,7,1,1,2,2445.71364449741000000000,8,2
6618,14,15,1-14-2017-015-03,3,1,1,2,1955.82995505533000000000,8,2
6704,14,17,1-14-2017-017-05,5,1,1,4,628.83294075430700000000,8,2
6900,14,22,1-14-2017-022-03,3,1,1,4,4315.48660951168000000000,8,2
6900,14,22,1-14-2017-022-03,3,1,2,8,4315.48660951168000000000,8,2
6936,14,23,1-14-2017-023-02,2,1,1,8,310.24729344789100000000,8,2
6936,14,23,1-14-2017-023-02,2,1,2,9,310.24729344789100000000,8,2
6936,14,23,1-14-2017-023-02,2,1,3,2,310.24729344789100000000,8,2
7055,14,25,1-14-2017-025-10,10,1,1,2,20830.73511251550000000000,8,2
7055,14,25,1-14-2017-025-10,10,1,2,6,20830.73511251550000000000,8,2
7110,14,27,1-14-2017-027-05,5,1,1,8,376.25371089808100000000,8,2
7161,14,28,1-14-2017-028-02,2,1,1,2,299.17107424882100000000,8,2
7333,14,33,1-14-2017-033-07,7,2,1,4,2666.64479275074000000000,8,2
7425,14,36,1-14-2017-036-03,3,1,1,4,2580.54684703660000000000,8,2
7425,14,36,1-14-2017-036-03,3,1,2,8,2580.54684703660000000000,8,2
7584,14,39,1-14-2017-039-03,3,1,1,2,3229.32735824175000000000,8,2
7584,14,39,1-14-2017-039-03,3,1,2,6,3229.32735824175000000000,8,2
7655,14,40,1-14-2017-040-08,8,1,1,4,1502.31800595479000000000,8,2
7655,14,40,1-14-2017-040-08,8,2,1,2,1502.31800595479000000000,8,2
7768,14,43,1-14-2017-043-03,3,1,1,8,1443.64910237224000000000,8,2
7830,14,45,1-14-2017-045-05,5,1,1,8,331.76574405665300000000,8,2
7939,14,48,1-14-2017-048-03,3,1,1,8,915.91059954895700000000,8,2
8164,14,54,1-14-2017-054-10,10,1,1,2,8090.10027237410000000000,8,2
8164,14,54,1-14-2017-054-10,10,1,2,6,8090.10027237410000000000,8,2
8125,14,55,1-14-2017-055-03,3,1,1,8,443.83577890566900000000,8,2
8495,14,61,1-14-2017-061-05,5,1,1,2,425.66752853340800000000,8,2
8495,14,61,1-14-2017-061-05,5,1,2,6,425.66752853340800000000,8,2
8562,14,63,1-14-2017-063-06,6,1,1,4,6809.55000197747000000000,8,2
8870,14,70,1-14-2017-070-02,2,1,1,8,216.31812574293200000000,8,2
8987,14,72,1-14-2017-072-01,1,1,1,8,373.57530264623700000000,8,2
8987,14,72,1-14-2017-072-01,1,1,2,9,373.57530264623700000000,8,2
8987,14,72,1-14-2017-072-01,1,1,3,2,373.57530264623700000000,8,2
8987,14,72,1-14-2017-072-01,1,1,4,2,373.57530264623700000000,8,2
6209,15,2,1-15-2017-002-02,2,1,1,8,34.01448553765580000000,1,2
6410,15,8,1-15-2017-008-03,3,1,1,8,464.12802016883700000000,1,2
6507,15,10,1-15-2017-010-02,2,1,1,6,60.42411999603320000000,1,2
6550,15,11,1-15-2017-011-02,2,1,1,2,59.52783738415900000000,1,2
6550,15,11,1-15-2017-011-02,2,1,2,6,59.52783738415900000000,1,2
6602,15,12,1-15-2017-012-06,6,1,1,4,1189.18934594369000000000,1,2
6684,15,15,1-15-2017-015-06,6,1,1,2,1196.75176319565000000000,1,2
6684,15,15,1-15-2017-015-06,6,1,2,6,1196.75176319565000000000,1,2
6725,15,16,1-15-2017-016-05,5,2,1,2,165.94222400342600000000,1,2
6887,15,21,1-15-2017-021-05,5,1,1,8,103.82022035415100000000,1,2
6922,15,22,1-15-2017-022-04,4,1,1,8,3123.51012967514000000000,1,2
7236,15,32,1-15-2017-032-03,3,1,1,2,503.30813987989800000000,1,2
7236,15,32,1-15-2017-032-03,3,1,2,3,503.30813987989800000000,1,2
7286,15,34,1-15-2017-034-06,6,1,1,4,721.03095526330900000000,1,2
7286,15,34,1-15-2017-034-06,6,1,2,8,721.03095526330900000000,1,2
7392,15,42,1-15-2017-042-02,2,1,1,8,12.50099393235700000000,1,2
7445,15,44,1-15-2017-044-03,3,2,1,4,590.92510086590600000000,1,2
7614,15,48,1-15-2017-048-10,10,1,1,2,4659.22080567018000000000,1,2
7679,15,50,1-15-2017-050-03,3,1,1,8,132.58424975358400000000,1,2
7679,15,50,1-15-2017-050-03,3,1,2,9,132.58424975358400000000,1,2
7744,15,56,1-15-2017-056-04,4,1,1,4,1013.24784743425000000000,1,2
7744,15,56,1-15-2017-056-04,4,1,2,8,1013.24784743425000000000,1,2
7800,15,61,1-15-2017-061-05,5,1,1,2,22.99263074903850000000,1,2
7802,15,63,1-15-2017-063-03,3,1,1,8,134.92024387811600000000,1,2
7861,15,64,1-15-2017-064-08,8,1,1,6,429.36661046551200000000,1,2
7909,15,67,1-15-2017-067-02,2,1,1,2,24.28664758738630000000,1,2
8224,15,83,1-15-2017-083-03,3,1,1,2,451.34284302826000000000,1,2
8281,15,86,1-15-2017-086-03,3,1,1,2,225.61669606715800000000,1,2
8448,15,95,1-15-2017-095-09,9,1,1,6,2485.44786628367000000000,1,2
8449,15,96,1-15-2017-096-02,2,1,1,4,33.57529385300520000000,1,2
8449,15,96,1-15-2017-096-02,2,2,1,2,33.57529385300520000000,1,2
8522,15,98,1-15-2017-098-02,2,1,1,8,17.34590739210340000000,1,2
8645,15,105,1-15-2017-105-09,9,1,1,8,1616.11216002422000000000,1,2
8773,15,107,1-15-2017-107-03,3,1,1,8,813.78665224624900000000,1,2
8979,15,115,1-15-2017-115-04,4,1,1,6,660.95598803325400000000,1,2
8980,15,116,1-15-2017-116-02,2,1,1,6,16.28172991277250000000,1,2
6104,16,3,1-16-2017-003-05,5,1,1,4,51.01138574682890000000,5,2
6236,16,7,1-16-2017-007-07,7,1,1,99,700.60866870030600000000,5,2
6237,16,8,1-16-2017-008-07,7,1,1,4,700.60866870615300000000,5,2
6303,16,9,1-16-2017-009-05,5,1,1,8,141.91999980010600000000,5,2
6304,16,10,1-16-2017-010-02,2,1,1,2,61.04284349446160000000,5,2
6304,16,10,1-16-2017-010-02,2,1,2,2,61.04284349446160000000,5,2
6304,16,10,1-16-2017-010-02,2,1,3,6,61.04284349446160000000,5,2
6386,16,13,1-16-2017-013-09,9,1,1,2,1126.03630615239000000000,5,2
6386,16,13,1-16-2017-013-09,9,1,2,6,1126.03630615239000000000,5,2
6386,16,13,1-16-2017-013-09,9,1,3,98,1126.03630615239000000000,5,2
6486,16,18,1-16-2017-018-05,5,1,1,8,104.05714578876500000000,5,2
6527,16,20,1-16-2017-020-01,1,1,1,2,114.65642815516700000000,5,2
6527,16,20,1-16-2017-020-01,1,1,2,2,114.65642815516700000000,5,2
6527,16,20,1-16-2017-020-01,1,1,3,2,114.65642815516700000000,5,2
6631,16,25,1-16-2017-025-02,2,1,1,2,47.77282819979670000000,5,2
6660,16,28,1-16-2017-028-08,8,1,1,4,1148.15376578354000000000,5,2
6716,16,29,1-16-2017-029-04,4,1,1,2,2622.78984691832000000000,5,2
6736,16,30,1-16-2017-030-07,7,1,1,4,3068.62319672174000000000,5,2
6908,16,35,1-16-2017-035-04,4,1,1,2,14605.27882648470000000000,5,2
6951,16,37,1-16-2017-037-06,6,1,1,2,986.06523961507900000000,5,2
7016,16,39,1-16-2017-039-04,4,1,1,4,2127.02225203264000000000,5,2
7086,16,42,1-16-2017-042-07,7,1,1,8,880.36569952568900000000,5,2
7116,16,43,1-16-2017-043-03,3,1,1,8,957.10878992152000000000,5,2
7165,16,44,1-16-2017-044-04,4,1,1,2,406.54415384419700000000,5,2
7165,16,44,1-16-2017-044-04,4,2,1,2,406.54415384419700000000,5,2
7240,16,48,1-16-2017-048-01,1,1,1,2,85.68803151017660000000,5,2
7240,16,48,1-16-2017-048-01,1,1,2,2,85.68803151017660000000,5,2
7240,16,48,1-16-2017-048-01,1,1,3,6,85.68803151017660000000,5,2
7274,16,50,1-16-2017-050-03,3,1,1,4,339.16571743006300000000,5,2
7274,16,50,1-16-2017-050-03,3,1,2,8,339.16571743006300000000,5,2
7304,16,51,1-16-2017-051-06,6,1,1,8,3067.09838689603000000000,5,2
7304,16,51,1-16-2017-051-06,6,1,2,9,3067.09838689603000000000,5,2
7304,16,51,1-16-2017-051-06,6,1,3,2,3067.09838689603000000000,5,2
7358,16,53,1-16-2017-053-05,5,2,1,2,92.13841593463610000000,5,2
7529,16,55,1-16-2017-055-03,3,1,1,8,398.50972604971200000000,5,2
7530,16,56,1-16-2017-056-05,5,1,1,8,67.91261798517790000000,5,2
7731,16,60,1-16-2017-060-08,8,1,1,8,975.90571238197800000000,5,2
8262,16,73,1-16-2017-073-04,4,1,1,8,1022.75343708077000000000,5,2
8355,16,75,1-16-2017-075-04,4,1,1,8,3233.52587013727000000000,5,2
8419,16,76,1-16-2017-076-04,4,1,1,2,1988.35356427731000000000,5,2
8419,16,76,1-16-2017-076-04,4,1,2,6,1988.35356427731000000000,5,2
8550,16,80,1-16-2017-080-10,10,1,1,8,8274.88500519685000000000,5,2
8551,16,81,1-16-2017-081-03,3,1,1,2,526.78168572825000000000,5,2
8551,16,81,1-16-2017-081-03,3,1,2,6,526.78168572825000000000,5,2
8647,16,85,1-16-2017-085-02,2,1,1,2,24.48450823897450000000,5,2
8691,16,86,1-16-2017-086-09,9,1,1,2,3547.68665158674000000000,5,2
8691,16,86,1-16-2017-086-09,9,1,2,6,3547.68665158674000000000,5,2
8789,16,88,1-16-2017-088-06,6,2,1,2,2287.90777727149000000000,5,2
8861,16,90,1-16-2017-090-09,9,1,1,2,3126.49455209188000000000,5,2
8861,16,90,1-16-2017-090-09,9,1,2,6,3126.49455209188000000000,5,2
8951,16,91,1-16-2017-091-02,2,1,1,4,28.38718458042420000000,5,2
8951,16,91,1-16-2017-091-02,2,1,2,8,28.38718458042420000000,5,2
9019,16,95,1-16-2017-095-06,6,1,1,2,910.10497547752300000000,5,2
9019,16,95,1-16-2017-095-06,6,1,2,6,910.10497547752300000000,5,2
9115,16,97,1-16-2017-097-03,3,1,1,4,162.41734696448600000000,5,2
6117,17,2,1-17-2017-002-09,9,1,1,2,1415.10629264720000000000,4,2
6117,17,2,1-17-2017-002-09,9,1,2,6,1415.10629264720000000000,4,2
6118,17,3,1-17-2017-003-08,8,1,1,8,186.33080319887600000000,4,2
6182,17,4,1-17-2017-004-09,9,1,1,6,384.01366230303100000000,4,2
6184,17,6,1-17-2017-006-04,4,1,1,2,214.93968732486500000000,4,2
6184,17,6,1-17-2017-006-04,4,1,2,6,214.93968732486500000000,4,2
6245,17,8,1-17-2017-008-03,3,1,1,2,134.28819158768900000000,4,2
6403,17,13,1-17-2017-013-03,3,1,1,8,612.63153371033600000000,4,2
6492,17,15,1-17-2017-015-04,4,1,1,6,2396.01535024564000000000,4,2
6492,17,15,1-17-2017-015-04,4,2,1,4,2396.01535024564000000000,4,2
6492,17,15,1-17-2017-015-04,4,2,2,8,2396.01535024564000000000,4,2
6635,17,18,1-17-2017-018-01,1,1,1,2,269.66330320321100000000,4,2
6635,17,18,1-17-2017-018-01,1,1,2,6,269.66330320321100000000,4,2
6715,17,20,1-17-2017-020-09,9,1,1,2,2912.32257635234000000000,4,2
6715,17,20,1-17-2017-020-09,9,1,2,7,2912.32257635234000000000,4,2
6715,17,20,1-17-2017-020-09,9,1,3,7,2912.32257635234000000000,4,2
6715,17,20,1-17-2017-020-09,9,1,4,2,2912.32257635234000000000,4,2
6715,17,20,1-17-2017-020-09,9,1,5,6,2912.32257635234000000000,4,2
6715,17,20,1-17-2017-020-09,9,1,6,7,2912.32257635234000000000,4,2
6715,17,20,1-17-2017-020-09,9,1,7,2,2912.32257635234000000000,4,2
6715,17,20,1-17-2017-020-09,9,1,8,6,2912.32257635234000000000,4,2
6749,17,21,1-17-2017-021-07,7,1,1,2,1152.79836779502000000000,4,2
6749,17,21,1-17-2017-021-07,7,1,2,6,1152.79836779502000000000,4,2
6789,17,22,1-17-2017-022-05,5,1,1,4,139.77152375891400000000,4,2
6789,17,22,1-17-2017-022-05,5,1,2,8,139.77152375891400000000,4,2
6812,17,23,1-17-2017-023-09,9,1,1,8,1691.99672341111000000000,4,2
7018,17,29,1-17-2017-029-03,3,1,1,2,556.30488602118700000000,4,2
7018,17,29,1-17-2017-029-03,3,1,2,6,556.30488602118700000000,4,2
7258,17,38,1-17-2017-038-04,4,1,1,8,350.95667965408700000000,4,2
7308,17,40,1-17-2017-040-07,7,1,1,8,470.14725410652400000000,4,2
7369,17,41,1-17-2017-041-06,6,1,1,8,158.75803500849500000000,4,2
7437,17,46,1-17-2017-046-07,7,1,1,8,627.97795862496700000000,4,2
7558,17,49,1-17-2017-049-03,3,1,1,4,134.78804348316800000000,4,2
7593,17,50,1-17-2017-050-07,7,1,1,6,900.22638266429200000000,4,2
7773,17,57,1-17-2017-057-08,8,1,1,8,188.05340454226200000000,4,2
7892,17,62,1-17-2017-062-06,6,1,1,2,254.33523737377100000000,4,2
7892,17,62,1-17-2017-062-06,6,1,2,6,254.33523737377100000000,4,2
8004,17,68,1-17-2017-068-02,2,1,1,2,100.14669405249400000000,4,2
8004,17,68,1-17-2017-068-02,2,1,2,6,100.14669405249400000000,4,2
8005,17,69,1-17-2017-069-08,8,1,1,8,338.59620717804800000000,4,2
8005,17,69,1-17-2017-069-08,8,1,2,9,338.59620717804800000000,4,2
8005,17,69,1-17-2017-069-08,8,1,3,2,338.59620717804800000000,4,2
8005,17,69,1-17-2017-069-08,8,1,4,3,338.59620717804800000000,4,2
8005,17,69,1-17-2017-069-08,8,1,5,8,338.59620717804800000000,4,2
8072,17,70,1-17-2017-070-05,5,1,1,8,156.47957675514800000000,4,2
8121,17,73,1-17-2017-073-02,2,1,1,2,67.58279126353610000000,4,2
8267,17,76,1-17-2017-076-08,8,1,1,8,421.79301649750600000000,4,2
8267,17,76,1-17-2017-076-08,8,1,2,9,421.79301649750600000000,4,2
8267,17,76,1-17-2017-076-08,8,1,3,2,421.79301649750600000000,4,2
8267,17,76,1-17-2017-076-08,8,1,4,6,421.79301649750600000000,4,2
8428,17,83,1-17-2017-083-06,6,1,1,2,350.70326460731600000000,4,2
8428,17,83,1-17-2017-083-06,6,1,2,6,350.70326460731600000000,4,2
8573,17,86,1-17-2017-086-01,1,1,1,8,222.27511247089600000000,4,2
8724,17,89,1-17-2017-089-05,5,1,1,8,628.83294075430700000000,4,2
8808,17,90,1-17-2017-090-02,2,1,1,2,70.25774132264430000000,4,2
8810,17,92,1-17-2017-092-08,8,1,1,6,265.66832544665600000000,4,2
8810,17,92,1-17-2017-092-08,8,1,2,98,265.66832544665600000000,4,2
9025,17,95,1-17-2017-095-01,1,1,1,6,141.13979406929600000000,4,2
6129,18,1,1-18-2017-001-10,10,1,1,8,6297.69228784152000000000,6,2
6214,18,3,1-18-2017-003-10,10,1,1,4,4594.56953046122000000000,6,2
6214,18,3,1-18-2017-003-10,10,1,2,8,4594.56953046122000000000,6,2
6258,18,4,1-18-2017-004-10,10,1,1,8,4851.78412070462000000000,6,2
6364,18,7,1-18-2017-007-02,2,1,1,8,124.55954653348500000000,6,2
6405,18,8,1-18-2017-008-07,7,1,1,2,1457.92941404829000000000,6,2
6405,18,8,1-18-2017-008-07,7,1,2,3,1457.92941404829000000000,6,2
6405,18,8,1-18-2017-008-07,7,1,3,2,1457.92941404829000000000,6,2
6405,18,8,1-18-2017-008-07,7,1,4,3,1457.92941404829000000000,6,2
6405,18,8,1-18-2017-008-07,7,1,5,8,1457.92941404829000000000,6,2
6450,18,9,1-18-2017-009-06,6,2,1,8,257.06934486803000000000,6,2
6504,18,10,1-18-2017-010-09,9,1,1,8,2893.11600762170000000000,6,2
6543,18,11,1-18-2017-011-06,6,1,1,2,726.60901657940100000000,6,2
6592,18,12,1-18-2017-012-04,4,1,1,2,2398.10824569296000000000,6,2
6639,18,13,1-18-2017-013-06,6,1,1,2,385.19032204209200000000,6,2
6639,18,13,1-18-2017-013-06,6,1,2,6,385.19032204209200000000,6,2
6691,18,15,1-18-2017-015-09,9,1,1,2,958.54534062632800000000,6,2
6719,18,16,1-18-2017-016-03,3,1,1,2,208.07525317884000000000,6,2
6719,18,16,1-18-2017-016-03,3,1,2,6,208.07525317884000000000,6,2
6754,18,17,1-18-2017-017-09,9,1,1,2,2543.89401154685000000000,6,2
6754,18,17,1-18-2017-017-09,9,1,2,6,2543.89401154685000000000,6,2
6796,18,18,1-18-2017-018-03,3,1,1,2,329.59017347433600000000,6,2
6830,18,19,1-18-2017-019-08,8,1,1,2,703.27361945978400000000,6,2
6830,18,19,1-18-2017-019-08,8,1,2,6,703.27361945978400000000,6,2
6888,18,21,1-18-2017-021-09,9,1,1,8,1731.35796359501000000000,6,2
6956,18,23,1-18-2017-023-10,10,1,1,2,20830.73511251550000000000,6,2
6956,18,23,1-18-2017-023-10,10,1,2,6,20830.73511251550000000000,6,2
7223,18,30,1-18-2017-030-08,8,1,1,2,363.80901130632200000000,6,2
7223,18,30,1-18-2017-030-08,8,1,2,6,363.80901130632200000000,6,2
7361,18,33,1-18-2017-033-04,4,1,1,2,706.85869642507400000000,6,2
7361,18,33,1-18-2017-033-04,4,1,2,6,706.85869642507400000000,6,2
7605,18,38,1-18-2017-038-02,2,1,1,2,82.56750368106610000000,6,2
7605,18,38,1-18-2017-038-02,2,1,2,6,82.56750368106610000000,6,2
7606,18,39,1-18-2017-039-09,9,1,1,8,3265.88247428880000000000,6,2
7690,18,41,1-18-2017-041-07,7,2,1,2,661.11520052444500000000,6,2
7723,18,42,1-18-2017-042-05,5,1,1,8,75.64990687070430000000,6,2
7724,18,43,1-18-2017-043-06,6,2,1,2,580.56124480734400000000,6,2
7855,18,46,1-18-2017-046-07,7,1,1,6,252.54613030044100000000,6,2
8040,18,51,1-18-2017-051-07,7,2,1,2,542.40021166799200000000,6,2
8074,18,53,1-18-2017-053-06,6,1,1,8,589.07980849348800000000,6,2
8130,18,54,1-18-2017-054-01,1,2,1,2,379.98349883598600000000,6,2
8210,18,55,1-18-2017-055-07,7,1,1,2,1178.91146170421000000000,6,2
8210,18,55,1-18-2017-055-07,7,1,2,6,1178.91146170421000000000,6,2
8389,18,60,1-18-2017-060-03,3,2,1,2,219.84355060555800000000,6,2
8765,18,70,1-18-2017-070-03,3,1,1,8,278.00972779916800000000,6,2
8811,18,71,1-18-2017-071-09,9,1,1,8,9984.70215625247000000000,6,2
8880,18,73,1-18-2017-073-01,1,1,1,2,136.74127624896500000000,6,2
8880,18,73,1-18-2017-073-01,1,1,2,6,136.74127624896500000000,6,2
8880,18,73,1-18-2017-073-01,1,1,3,98,136.74127624896500000000,6,2
8880,18,73,1-18-2017-073-01,1,1,4,98,136.74127624896500000000,6,2
8977,18,74,1-18-2017-074-07,7,1,1,8,5341.98894838585000000000,6,2
9033,18,75,1-18-2017-075-07,7,1,1,8,1923.36342162492000000000,6,2
9092,18,76,1-18-2017-076-04,4,1,1,2,296.07330258996400000000,6,2
6111,19,4,1-19-2017-004-05,5,1,1,2,84.45242169221480000000,9,2
6111,19,4,1-19-2017-004-05,5,1,2,6,84.45242169221480000000,9,2
6112,19,5,1-19-2017-005-03,3,1,1,2,639.39264963286900000000,9,2
6188,19,8,1-19-2017-008-08,8,1,1,6,306.90561299384600000000,9,2
6188,19,8,1-19-2017-008-08,8,1,2,7,306.90561299384600000000,9,2
6188,19,8,1-19-2017-008-08,8,1,3,4,306.90561299384600000000,9,2
6188,19,8,1-19-2017-008-08,8,1,4,8,306.90561299384600000000,9,2
6189,19,9,1-19-2017-009-05,5,1,1,6,79.98489951025890000000,9,2
6266,19,13,1-19-2017-013-05,5,1,1,6,79.98489951025890000000,9,2
6266,19,13,1-19-2017-013-05,5,1,2,98,79.98489951025890000000,9,2
6266,19,13,1-19-2017-013-05,5,1,3,98,79.98489951025890000000,9,2
6266,19,13,1-19-2017-013-05,5,1,4,7,79.98489951025890000000,9,2
6266,19,13,1-19-2017-013-05,5,1,5,4,79.98489951025890000000,9,2
6266,19,13,1-19-2017-013-05,5,1,6,8,79.98489951025890000000,9,2
6269,19,14,1-19-2017-014-09,9,1,1,8,933.15590969023200000000,9,2
6312,19,18,1-19-2017-018-03,3,1,1,2,252.84641086525500000000,9,2
6362,19,19,1-19-2017-019-06,6,1,1,2,417.70420985892400000000,9,2
6394,19,21,1-19-2017-021-03,3,2,1,4,2777.33927092249000000000,9,2
6559,19,29,1-19-2017-029-01,1,1,1,8,184.56369697782800000000,9,2
6584,19,31,1-19-2017-031-05,5,1,1,6,79.98489951025890000000,9,2
6674,19,35,1-19-2017-035-06,6,1,1,2,575.35912671865800000000,9,2
6711,19,37,1-19-2017-037-07,7,1,1,2,3842.78409134777000000000,9,2
6711,19,37,1-19-2017-037-07,7,1,2,6,3842.78409134777000000000,9,2
6752,19,40,1-19-2017-040-08,8,1,1,8,539.52796496770800000000,9,2
6790,19,41,1-19-2017-041-01,1,1,1,8,249.50248848962300000000,9,2
6826,19,44,1-19-2017-044-08,8,1,1,6,1264.82168849430000000000,9,2
6867,19,45,1-19-2017-045-02,2,1,1,2,178.30364945838700000000,9,2
6867,19,45,1-19-2017-045-02,2,1,2,6,178.30364945838700000000,9,2
6868,19,46,1-19-2017-046-05,5,1,1,2,283.11923036077500000000,9,2
6868,19,46,1-19-2017-046-05,5,1,2,6,283.11923036077500000000,9,2
6904,19,48,1-19-2017-048-01,1,1,1,2,144.57700864551200000000,9,2
6904,19,48,1-19-2017-048-01,1,1,2,2,144.57700864551200000000,9,2
6904,19,48,1-19-2017-048-01,1,1,3,6,144.57700864551200000000,9,2
6946,19,50,1-19-2017-050-03,3,1,1,2,292.08049170068200000000,9,2
7020,19,54,1-19-2017-054-01,1,1,1,99,334.48698003331000000000,9,2
7058,19,57,1-19-2017-057-10,10,1,1,2,9189.86912192756000000000,9,2
7058,19,57,1-19-2017-057-10,10,1,2,6,9189.86912192756000000000,9,2
7059,19,58,1-19-2017-058-04,4,2,1,99,1119.08307584669000000000,9,2
7115,19,60,1-19-2017-060-05,5,1,1,99,169.97030620833300000000,9,2
7162,19,61,1-19-2017-061-05,5,1,1,2,82.44532525020580000000,9,2
7162,19,61,1-19-2017-061-05,5,1,2,6,82.44532525020580000000,9,2
7163,19,62,1-19-2017-062-03,3,1,1,4,624.19684249779500000000,9,2
7164,19,63,1-19-2017-063-05,5,1,1,6,82.44532525020580000000,9,2
7225,19,67,1-19-2017-067-01,1,1,1,2,252.57481808980300000000,9,2
7225,19,67,1-19-2017-067-01,1,1,2,98,252.57481808980300000000,9,2
7263,19,69,1-19-2017-069-10,10,1,1,2,13104.52934272760000000000,9,2
7263,19,69,1-19-2017-069-10,10,1,2,6,13104.52934272760000000000,9,2
7264,19,70,1-19-2017-070-06,6,2,1,2,504.74673376362800000000,9,2
7313,19,71,1-19-2017-071-02,2,1,1,2,102.25436852187300000000,9,2
7313,19,71,1-19-2017-071-02,2,1,2,6,102.25436852187300000000,9,2
7315,19,73,1-19-2017-073-06,6,1,1,8,1873.17869437277000000000,9,2
7363,19,74,1-19-2017-074-10,10,1,1,4,7255.18554010693000000000,9,2
7363,19,74,1-19-2017-074-10,10,1,2,8,7255.18554010693000000000,9,2
7364,19,75,1-19-2017-075-08,8,1,1,2,215.27777464898600000000,9,2
7364,19,75,1-19-2017-075-08,8,1,2,6,215.27777464898600000000,9,2
7428,19,77,1-19-2017-077-04,4,1,1,8,1079.33398644682000000000,9,2
7588,19,84,1-19-2017-084-02,2,1,1,2,139.95942335359900000000,9,2
7588,19,84,1-19-2017-084-02,2,1,2,6,139.95942335359900000000,9,2
7658,19,85,1-19-2017-085-08,8,1,1,8,521.30132321064800000000,9,2
7659,19,86,1-19-2017-086-08,8,1,1,4,521.30132321064800000000,9,2
7659,19,86,1-19-2017-086-08,8,1,2,8,521.30132321064800000000,9,2
7660,19,87,1-19-2017-087-04,4,1,1,8,2139.39588755144000000000,9,2
7719,19,90,1-19-2017-090-09,9,1,1,2,1714.60742632915000000000,9,2
7719,19,90,1-19-2017-090-09,9,1,2,6,1714.60742632915000000000,9,2
7851,19,93,1-19-2017-093-02,2,1,1,8,102.08901342749200000000,9,2
7884,19,96,1-19-2017-096-02,2,1,1,2,193.46239816965600000000,9,2
7884,19,96,1-19-2017-096-02,2,1,2,6,193.46239816965600000000,9,2
7885,19,97,1-19-2017-097-01,1,1,1,8,401.34587739812000000000,9,2
7951,19,98,1-19-2017-098-05,5,1,1,6,115.22676805237600000000,9,2
7951,19,98,1-19-2017-098-05,5,1,2,7,115.22676805237600000000,9,2
7951,19,98,1-19-2017-098-05,5,1,3,4,115.22676805237600000000,9,2
7951,19,98,1-19-2017-098-05,5,1,4,8,115.22676805237600000000,9,2
7953,19,100,1-19-2017-100-07,7,1,1,2,4322.99062713303000000000,9,2
7953,19,100,1-19-2017-100-07,7,1,2,6,4322.99062713303000000000,9,2
7997,19,101,1-19-2017-101-07,7,1,1,2,1291.67508035249000000000,9,2
7997,19,101,1-19-2017-101-07,7,1,2,6,1291.67508035249000000000,9,2
7998,19,102,1-19-2017-102-08,8,1,1,2,305.99135154121100000000,9,2
7998,19,102,1-19-2017-102-08,8,1,2,6,305.99135154121100000000,9,2
7998,19,102,1-19-2017-102-08,8,1,3,7,305.99135154121100000000,9,2
7998,19,102,1-19-2017-102-08,8,1,4,4,305.99135154121100000000,9,2
7998,19,102,1-19-2017-102-08,8,1,5,8,305.99135154121100000000,9,2
8064,19,106,1-19-2017-106-04,4,1,1,2,1303.55011135808000000000,9,2
8064,19,106,1-19-2017-106-04,4,2,1,6,1303.55011135808000000000,9,2
8127,19,108,1-19-2017-108-09,9,1,1,8,1883.27135050704000000000,9,2
8207,19,112,1-19-2017-112-05,5,1,1,8,79.98489951025890000000,9,2
8251,19,113,1-19-2017-113-01,1,1,1,2,148.47238820833800000000,9,2
8251,19,113,1-19-2017-113-01,1,1,2,6,148.47238820833800000000,9,2
8366,19,117,1-19-2017-117-03,3,1,1,8,414.74687958437300000000,9,2
8416,19,119,1-19-2017-119-03,3,1,1,99,207.99126642578700000000,9,2
8567,19,125,1-19-2017-125-03,3,1,1,2,693.38320311199000000000,9,2
8567,19,125,1-19-2017-125-03,3,1,2,6,693.38320311199000000000,9,2
8611,19,127,1-19-2017-127-02,2,1,1,8,102.08901342749200000000,9,2
8700,19,130,1-19-2017-130-08,8,1,1,2,1502.31800595479000000000,9,2
8713,19,133,1-19-2017-133-04,4,1,1,8,7767.54055916040000000000,9,2
8803,19,134,1-19-2017-134-02,2,1,1,2,102.08901342749200000000,9,2
8803,19,134,1-19-2017-134-02,2,1,2,6,102.08901342749200000000,9,2
8865,19,137,1-19-2017-137-08,8,1,1,2,434.34617933488100000000,9,2
8865,19,137,1-19-2017-137-08,8,1,2,6,434.34617933488100000000,9,2
8866,19,138,1-19-2017-138-08,8,1,1,8,434.34617933488100000000,9,2
8867,19,139,1-19-2017-139-04,4,1,1,8,1782.53610427378000000000,9,2
8944,19,140,1-19-2017-140-01,1,1,1,8,144.57700864551200000000,9,2
6054,20,1,1-20-2017-001-10,10,1,1,98,31.99248475413540000000,11,2
6140,20,2,1-20-2017-002-03,3,1,1,6,51.74195237834650000000,11,2
6206,20,3,1-20-2017-003-02,2,1,1,2,39.06733804536630000000,11,2
6206,20,3,1-20-2017-003-02,2,1,2,6,39.06733804536630000000,11,2
6272,20,6,1-20-2017-006-01,1,1,1,6,52.18312065637570000000,11,2
6372,20,12,1-20-2017-012-07,7,1,1,2,670.91945689348000000000,11,2
6372,20,12,1-20-2017-012-07,7,1,2,3,670.91945689348000000000,11,2
6372,20,12,1-20-2017-012-07,7,1,3,8,670.91945689348000000000,11,2
6413,20,13,1-20-2017-013-01,1,1,1,8,63.49479916266580000000,11,2
6458,20,15,1-20-2017-015-10,10,1,1,6,2128.26805578410000000000,11,2
6455,20,16,1-20-2017-016-06,6,1,1,8,278.96588652045300000000,11,2
6509,20,18,1-20-2017-018-08,8,1,1,8,306.99422145831300000000,11,2
6548,20,19,1-20-2017-019-10,10,1,1,2,3008.70123621791000000000,11,2
6548,20,19,1-20-2017-019-10,10,1,2,6,3008.70123621791000000000,11,2
6549,20,20,1-20-2017-020-09,9,1,1,6,1367.98268811992000000000,11,2
6597,20,21,1-20-2017-021-06,6,1,1,2,282.61000526536200000000,11,2
6597,20,21,1-20-2017-021-06,6,1,2,3,282.61000526536200000000,11,2
6597,20,21,1-20-2017-021-06,6,1,3,8,282.61000526536200000000,11,2
6640,20,24,1-20-2017-024-01,1,1,1,4,69.28855850244140000000,11,2
6640,20,24,1-20-2017-024-01,1,1,2,8,69.28855850244140000000,11,2
6729,20,29,1-20-2017-029-09,9,1,1,2,726.26986988851600000000,11,2
6764,20,30,1-20-2017-030-03,3,1,1,8,1034.98607246191000000000,11,2
6802,20,31,1-20-2017-031-06,6,1,1,2,736.16440475029800000000,11,2
6806,20,33,1-20-2017-033-08,8,1,1,6,313.37870302556000000000,11,2
6806,20,33,1-20-2017-033-08,8,1,2,98,313.37870302556000000000,11,2
6842,20,36,1-20-2017-036-10,10,1,1,8,1015.36148488437000000000,11,2
6877,20,38,1-20-2017-038-08,8,1,1,6,222.08499015785700000000,11,2
6878,20,39,1-20-2017-039-06,6,2,1,2,521.70445216948900000000,11,2
6923,20,42,1-20-2017-042-01,1,1,1,8,52.19582469782480000000,11,2
6965,20,44,1-20-2017-044-05,5,1,1,8,73.05340524785740000000,11,2
6971,20,46,1-20-2017-046-02,2,1,1,2,39.06733804536630000000,11,2
7078,20,52,1-20-2017-052-08,8,2,1,2,323.36496164919700000000,11,2
7079,20,53,1-20-2017-053-07,7,1,1,2,1659.45466607248000000000,11,2
7079,20,53,1-20-2017-053-07,7,1,2,6,1659.45466607248000000000,11,2
7090,20,55,1-20-2017-055-02,2,1,1,6,39.06733804536630000000,11,2
7191,20,60,1-20-2017-060-02,2,1,1,8,39.06733804536630000000,11,2
7183,20,61,1-20-2017-061-09,9,1,1,6,1958.12195970583000000000,11,2
7239,20,66,1-20-2017-066-03,3,1,1,8,143.69377211274000000000,11,2
7239,20,66,1-20-2017-066-03,3,1,2,9,143.69377211274000000000,11,2
7239,20,66,1-20-2017-066-03,3,1,3,8,143.69377211274000000000,11,2
7282,20,67,1-20-2017-067-09,9,1,1,8,1428.57730217801000000000,11,2
7283,20,68,1-20-2017-068-09,9,1,1,2,1428.57730217801000000000,11,2
7342,20,74,1-20-2017-074-08,8,1,1,6,73.23026241871340000000,11,2
7545,20,84,1-20-2017-084-01,1,1,1,2,50.02597441831630000000,11,2
7557,20,85,1-20-2017-085-04,4,1,1,2,673.60444834326800000000,11,2
7559,20,86,1-20-2017-086-08,8,1,1,8,175.73613529640300000000,11,2
7559,20,86,1-20-2017-086-08,8,1,2,9,175.73613529640300000000,11,2
7559,20,86,1-20-2017-086-08,8,1,3,6,175.73613529640300000000,11,2
7610,20,87,1-20-2017-087-03,3,1,1,8,541.82133208825800000000,11,2
7686,20,88,1-20-2017-088-08,8,1,1,8,136.91200738205900000000,11,2
7686,20,88,1-20-2017-088-08,8,1,2,9,136.91200738205900000000,11,2
7686,20,88,1-20-2017-088-08,8,1,3,6,136.91200738205900000000,11,2
7689,20,91,1-20-2017-091-07,7,1,1,8,702.60942414034600000000,11,2
7694,20,92,1-20-2017-092-04,4,2,1,2,524.78983362534800000000,11,2
7736,20,94,1-20-2017-094-02,2,1,1,8,39.06733804536630000000,11,2
7737,20,95,1-20-2017-095-03,3,1,1,6,398.76935247050900000000,11,2
7799,20,97,1-20-2017-097-04,4,1,1,6,2093.85301879526000000000,11,2
7799,20,97,1-20-2017-097-04,4,1,2,7,2093.85301879526000000000,11,2
7799,20,97,1-20-2017-097-04,4,1,3,8,2093.85301879526000000000,11,2
7915,20,103,1-20-2017-103-01,1,1,1,2,88.90847183912900000000,11,2
7914,20,105,1-20-2017-105-05,5,1,1,2,64.46659981848830000000,11,2
7914,20,105,1-20-2017-105-05,5,1,2,6,64.46659981848830000000,11,2
7962,20,106,1-20-2017-106-09,9,1,1,6,843.75224176338900000000,11,2
7963,20,107,1-20-2017-107-08,8,1,1,2,103.54588377132300000000,11,2
7963,20,107,1-20-2017-107-08,8,1,2,6,103.54588377132300000000,11,2
8016,20,110,1-20-2017-110-01,1,1,1,8,56.81933354281490000000,11,2
8016,20,110,1-20-2017-110-01,1,1,2,9,56.81933354281490000000,11,2
8044,20,113,1-20-2017-113-07,7,1,1,4,1024.31629768231000000000,11,2
8098,20,118,1-20-2017-118-04,4,1,1,8,334.01392803978500000000,11,2
8169,20,119,1-20-2017-119-03,3,1,1,8,140.67471679379700000000,11,2
8169,20,119,1-20-2017-119-03,3,1,2,9,140.67471679379700000000,11,2
8171,20,121,1-20-2017-121-03,3,1,1,6,140.67471679379700000000,11,2
8227,20,123,1-20-2017-123-06,6,1,1,2,513.41146111088100000000,11,2
8232,20,125,1-20-2017-125-03,3,1,1,2,264.71270186846700000000,11,2
8234,20,126,1-20-2017-126-09,9,1,1,8,1780.91144232791000000000,11,2
8383,20,133,1-20-2017-133-06,6,1,1,2,660.66111591016900000000,11,2
8384,20,134,1-20-2017-134-02,2,1,1,8,39.06733804536630000000,11,2
8436,20,136,1-20-2017-136-06,6,1,1,6,251.65386651402400000000,11,2
8518,20,141,1-20-2017-141-05,5,1,1,6,36.14618939188560000000,11,2
8581,20,146,1-20-2017-146-07,7,1,1,8,914.10565925969300000000,11,2
8582,20,147,1-20-2017-147-03,3,1,1,8,215.74389846511000000000,11,2
8641,20,148,1-20-2017-148-02,2,1,1,2,126.21531659719600000000,11,2
8763,20,152,1-20-2017-152-04,4,1,1,4,809.19022299613200000000,11,2
8763,20,152,1-20-2017-152-04,4,3,1,98,809.19022299613200000000,11,2
8768,20,153,1-20-2017-153-03,3,1,1,8,255.69445426619000000000,11,2
8825,20,154,1-20-2017-154-05,5,1,1,6,37.31615053221780000000,11,2
8863,20,159,1-20-2017-159-04,4,1,1,8,772.06038218664600000000,11,2
8973,20,162,1-20-2017-162-02,2,1,1,2,39.06733804536630000000,11,2
8985,20,165,1-20-2017-165-03,3,1,1,8,152.30968320706700000000,11,2
9047,20,168,1-20-2017-168-03,3,1,1,2,199.63962749309100000000,11,2
6133,21,1,1-21-2017-001-03,3,1,1,8,299.98594818982000000000,11,2
6134,21,2,1-21-2017-002-09,9,1,1,6,440.92759335111400000000,11,2
6197,21,3,1-21-2017-003-10,10,1,1,8,10784.54774538620000000000,11,2
6313,21,5,1-21-2017-005-03,3,1,1,8,777.20307552432400000000,11,2
6542,21,10,1-21-2017-010-10,10,1,1,2,6259.16606446051000000000,11,2
6636,21,12,1-21-2017-012-10,10,1,1,8,659.48436038790100000000,11,2
6679,21,13,1-21-2017-013-08,8,1,1,2,871.90685762861200000000,11,2
6679,21,13,1-21-2017-013-08,8,1,2,3,871.90685762861200000000,11,2
6679,21,13,1-21-2017-013-08,8,1,3,8,871.90685762861200000000,11,2
6730,21,14,1-21-2017-014-04,4,2,1,2,2221.76994369018000000000,11,2
6753,21,15,1-21-2017-015-06,6,1,1,8,554.68515997255800000000,11,2
6909,21,19,1-21-2017-019-04,4,1,1,4,559.90610163616200000000,11,2
6955,21,20,1-21-2017-020-10,10,1,1,8,6194.83177347751000000000,11,2
6989,21,21,1-21-2017-021-04,4,1,1,2,901.70201341217100000000,11,2
6989,21,21,1-21-2017-021-04,4,1,2,2,901.70201341217100000000,11,2
6989,21,21,1-21-2017-021-04,4,1,3,2,901.70201341217100000000,11,2
6989,21,21,1-21-2017-021-04,4,1,4,2,901.70201341217100000000,11,2
6989,21,21,1-21-2017-021-04,4,1,5,6,901.70201341217100000000,11,2
7187,21,24,1-21-2017-024-09,9,1,1,6,1280.88780295301000000000,11,2
7271,21,27,1-21-2017-027-03,3,1,1,2,327.88849704859000000000,11,2
7319,21,28,1-21-2017-028-03,3,1,1,2,367.46719304229100000000,11,2
7319,21,28,1-21-2017-028-03,3,1,2,2,367.46719304229100000000,11,2
7319,21,28,1-21-2017-028-03,3,1,3,2,367.46719304229100000000,11,2
7319,21,28,1-21-2017-028-03,3,1,4,6,367.46719304229100000000,11,2
7320,21,29,1-21-2017-029-07,7,1,1,8,1314.13987079159000000000,11,2
7374,21,30,1-21-2017-030-04,4,1,1,8,222.37813946090000000000,11,2
7440,21,33,1-21-2017-033-04,4,1,1,2,511.36162861486400000000,11,2
7441,21,34,1-21-2017-034-10,10,2,1,2,2507.36352072078000000000,11,2
7608,21,40,1-21-2017-040-07,7,1,1,8,538.76546251765700000000,11,2
7609,21,41,1-21-2017-041-09,9,2,1,2,667.81913027474100000000,11,2
7667,21,42,1-21-2017-042-07,7,1,1,2,722.11786068221000000000,11,2
7667,21,42,1-21-2017-042-07,7,1,2,2,722.11786068221000000000,11,2
7667,21,42,1-21-2017-042-07,7,1,3,6,722.11786068221000000000,11,2
7669,21,44,1-21-2017-044-03,3,1,1,8,201.92266379861900000000,11,2
7793,21,48,1-21-2017-048-03,3,1,1,2,201.69740988543500000000,11,2
7779,21,49,1-21-2017-049-09,9,1,1,2,482.91313097931200000000,11,2
7779,21,49,1-21-2017-049-09,9,1,2,6,482.91313097931200000000,11,2
7794,21,50,1-21-2017-050-03,3,1,1,2,108.93987847511800000000,11,2
7794,21,50,1-21-2017-050-03,3,1,2,6,108.93987847511800000000,11,2
7841,21,52,1-21-2017-052-06,6,1,1,6,193.07074573822400000000,11,2
7895,21,53,1-21-2017-053-03,3,2,1,2,345.73930035819200000000,11,2
7950,21,54,1-21-2017-054-09,9,1,1,8,1550.29227762729000000000,11,2
8212,21,59,1-21-2017-059-06,6,1,1,99,302.31149332881800000000,11,2
8272,21,60,1-21-2017-060-03,3,1,1,99,255.11396819240000000000,11,2
8272,21,60,1-21-2017-060-03,3,2,1,99,255.11396819240000000000,11,2
8373,21,62,1-21-2017-062-03,3,1,1,2,201.69740988543500000000,11,2
8391,21,63,1-21-2017-063-06,6,1,1,8,290.27603045076400000000,11,2
8430,21,64,1-21-2017-064-03,3,1,1,2,201.69740988543500000000,11,2
8430,21,64,1-21-2017-064-03,3,1,2,6,201.69740988543500000000,11,2
8431,21,65,1-21-2017-065-09,9,1,1,8,309.07328079168100000000,11,2
8432,21,66,1-21-2017-066-04,4,1,1,99,208.35178136116800000000,11,2
8511,21,68,1-21-2017-068-07,7,1,1,8,287.23661592585600000000,11,2
8571,21,70,1-21-2017-070-09,9,1,1,2,394.69703733510500000000,11,2
8571,21,70,1-21-2017-070-09,9,1,2,6,394.69703733510500000000,11,2
8715,21,73,1-21-2017-073-07,7,1,1,2,782.56603930954100000000,11,2
8828,21,74,1-21-2017-074-01,1,1,1,2,121.77783636440200000000,11,2
8828,21,74,1-21-2017-074-01,1,1,2,6,121.77783636440200000000,11,2
8882,21,75,1-21-2017-075-04,4,1,1,4,937.75875424882000000000,11,2
8882,21,75,1-21-2017-075-04,4,1,2,8,937.75875424882000000000,11,2
8883,21,76,1-21-2017-076-07,7,1,1,2,1176.55804083148000000000,11,2
8975,21,77,1-21-2017-077-03,3,2,1,2,332.65973799181000000000,11,2
8976,21,78,1-21-2017-078-07,7,1,1,4,1189.66110010860000000000,11,2
8976,21,78,1-21-2017-078-07,7,1,2,8,1189.66110010860000000000,11,2
9098,21,80,1-21-2017-080-08,8,1,1,2,47.09603702559360000000,11,2
6132,22,2,1-22-2017-002-06,6,1,1,8,198.30982324559500000000,12,2
6199,22,4,1-22-2017-004-07,7,1,1,8,211.33781321392700000000,12,2
6200,22,5,1-22-2017-005-04,4,1,1,2,220.13630150836700000000,12,2
6200,22,5,1-22-2017-005-04,4,1,2,6,220.13630150836700000000,12,2
6201,22,6,1-22-2017-006-03,3,1,1,8,50.66168832681840000000,12,2
6254,22,7,1-22-2017-007-09,9,1,1,8,302.83515933275000000000,12,2
6255,22,8,1-22-2017-008-07,7,1,1,8,178.51728952482400000000,12,2
6256,22,9,1-22-2017-009-09,9,1,1,2,302.83515934112200000000,12,2
6256,22,9,1-22-2017-009-09,9,1,2,6,302.83515934112200000000,12,2
6257,22,10,1-22-2017-010-06,6,1,1,2,94.79705281325800000000,12,2
6321,22,11,1-22-2017-011-09,9,1,1,8,282.52237571216900000000,12,2
6322,22,12,1-22-2017-012-07,7,1,1,2,166.54317435051200000000,12,2
6322,22,12,1-22-2017-012-07,7,1,2,6,166.54317435051200000000,12,2
6355,22,13,1-22-2017-013-06,6,1,1,8,407.93046257922600000000,12,2
6356,22,14,1-22-2017-014-01,1,1,1,2,91.25203491962530000000,12,2
6356,22,14,1-22-2017-014-01,1,2,1,8,91.25203491962530000000,12,2
6407,22,16,1-22-2017-016-09,9,1,1,8,325.05358754972500000000,12,2
6448,22,18,1-22-2017-018-06,6,1,1,2,156.07118900757200000000,12,2
6501,22,21,1-22-2017-021-03,3,1,1,8,112.45942594115200000000,12,2
6544,22,22,1-22-2017-022-08,8,1,1,2,135.03227027435800000000,12,2
6544,22,22,1-22-2017-022-08,8,1,2,6,135.03227027435800000000,12,2
6545,22,23,1-22-2017-023-07,7,1,1,2,479.84819745560000000000,12,2
6545,22,23,1-22-2017-023-07,7,1,2,3,479.84819745560000000000,12,2
6545,22,23,1-22-2017-023-07,7,1,3,8,479.84819745560000000000,12,2
6595,22,24,1-22-2017-024-03,3,1,1,8,166.37461575824400000000,12,2
6596,22,25,1-22-2017-025-03,3,1,1,2,166.37461576679500000000,12,2
6596,22,25,1-22-2017-025-03,3,1,2,6,166.37461576679500000000,12,2
6677,22,29,1-22-2017-029-04,4,1,1,2,228.21970156356800000000,12,2
6677,22,29,1-22-2017-029-04,4,1,2,6,228.21970156356800000000,12,2
6678,22,30,1-22-2017-030-04,4,1,1,8,228.21970156899300000000,12,2
6717,22,31,1-22-2017-031-07,7,1,1,8,492.29723624183300000000,12,2
6755,22,33,1-22-2017-033-04,4,1,1,8,271.69750241830000000000,12,2
6794,22,36,1-22-2017-036-01,1,1,1,8,96.89001786134840000000,12,2
6795,22,37,1-22-2017-037-03,3,1,1,2,138.60198853582200000000,12,2
6795,22,37,1-22-2017-037-03,3,1,2,6,138.60198853582200000000,12,2
6831,22,38,1-22-2017-038-02,2,1,1,8,57.59449533622260000000,12,2
6875,22,41,1-22-2017-041-08,8,1,1,2,113.69569845778500000000,12,2
6875,22,41,1-22-2017-041-08,8,1,2,6,113.69569845778500000000,12,2
6875,22,41,1-22-2017-041-08,8,1,3,7,113.69569845778500000000,12,2
6875,22,41,1-22-2017-041-08,8,1,4,3,113.69569845778500000000,12,2
6875,22,41,1-22-2017-041-08,8,1,5,8,113.69569845778500000000,12,2
6920,22,44,1-22-2017-044-08,8,1,1,2,83.04274410109830000000,12,2
6920,22,44,1-22-2017-044-08,8,1,2,3,83.04274410109830000000,12,2
6920,22,44,1-22-2017-044-08,8,1,3,8,83.04274410109830000000,12,2
6960,22,46,1-22-2017-046-01,1,1,1,2,96.89001786134840000000,12,2
6960,22,46,1-22-2017-046-01,1,1,2,6,96.89001786134840000000,12,2
6992,22,48,1-22-2017-048-03,3,1,1,2,298.49760704647700000000,12,2
7028,22,50,1-22-2017-050-01,1,1,1,8,109.84231520000200000000,12,2
7071,22,52,1-22-2017-052-01,1,1,1,8,96.89001786134840000000,12,2
7071,22,52,1-22-2017-052-01,1,1,2,9,96.89001786134840000000,12,2
7071,22,52,1-22-2017-052-01,1,1,3,2,96.89001786134840000000,12,2
7091,22,54,1-22-2017-054-10,10,1,1,8,501.80548976469300000000,12,2
7129,22,56,1-22-2017-056-03,3,1,1,8,99.36488572598280000000,12,2
7178,22,59,1-22-2017-059-01,1,1,1,8,92.64588156526900000000,12,2
7179,22,60,1-22-2017-060-09,9,1,1,2,707.28631868317200000000,12,2
7179,22,60,1-22-2017-060-09,9,1,2,3,707.28631868317200000000,12,2
7179,22,60,1-22-2017-060-09,9,1,3,8,707.28631868317200000000,12,2
7219,22,61,1-22-2017-061-10,10,1,1,8,1067.43601941209000000000,12,2
7220,22,62,1-22-2017-062-01,1,1,1,8,91.25203491962530000000,12,2
7220,22,62,1-22-2017-062-01,1,1,2,9,91.25203491962530000000,12,2
7220,22,62,1-22-2017-062-01,1,1,3,2,91.25203491962530000000,12,2
7221,22,63,1-22-2017-063-08,8,1,1,2,78.21052727411970000000,12,2
7221,22,63,1-22-2017-063-08,8,1,2,6,78.21052727411970000000,12,2
7275,22,64,1-22-2017-064-10,10,1,1,8,147.61596655612600000000,12,2
7276,22,65,1-22-2017-065-10,10,2,1,4,240.11221588755000000000,12,2
7322,22,67,1-22-2017-067-03,3,1,1,4,65.62058670324390000000,12,2
7379,22,70,1-22-2017-070-07,7,1,1,8,329.79358885912500000000,12,2
7554,22,75,1-22-2017-075-10,10,1,1,8,1437.20064662858000000000,12,2
7596,22,79,1-22-2017-079-06,6,2,1,8,77.13691138819550000000,12,2
7598,22,81,1-22-2017-081-09,9,1,1,2,358.22272855931900000000,12,2
7598,22,81,1-22-2017-081-09,9,1,2,6,358.22272855931900000000,12,2
7619,22,82,1-22-2017-082-03,3,1,1,8,50.62086658196620000000,12,2
7673,22,83,1-22-2017-083-01,1,1,1,8,167.84368571586900000000,12,2
7673,22,83,1-22-2017-083-01,1,1,2,9,167.84368571586900000000,12,2
7673,22,83,1-22-2017-083-01,1,1,3,2,167.84368571586900000000,12,2
7673,22,83,1-22-2017-083-01,1,1,4,6,167.84368571586900000000,12,2
7738,22,84,1-22-2017-084-04,4,1,1,8,209.46660211457000000000,12,2
7739,22,87,1-22-2017-087-07,7,1,1,8,201.09456427300800000000,12,2
7900,22,95,1-22-2017-095-04,4,1,1,6,234.57767718108100000000,12,2
7901,22,96,1-22-2017-096-09,9,1,1,8,382.03067566774700000000,12,2
7968,22,99,1-22-2017-099-10,10,1,1,4,1279.90483931947000000000,12,2
7973,22,100,1-22-2017-100-10,10,1,1,4,1279.90483931947000000000,12,2
7973,22,100,1-22-2017-100-10,10,1,2,5,1279.90483931947000000000,12,2
7973,22,100,1-22-2017-100-10,10,1,3,2,1279.90483931947000000000,12,2
7973,22,100,1-22-2017-100-10,10,1,4,3,1279.90483931947000000000,12,2
7973,22,100,1-22-2017-100-10,10,1,5,4,1279.90483931947000000000,12,2
7973,22,100,1-22-2017-100-10,10,1,6,8,1279.90483931947000000000,12,2
8088,22,102,1-22-2017-102-03,3,1,1,8,189.34152756178000000000,12,2
8089,22,103,1-22-2017-103-07,7,1,1,2,789.84782599354600000000,12,2
8089,22,103,1-22-2017-103-07,7,1,2,6,789.84782599354600000000,12,2
8123,22,104,1-22-2017-104-01,1,1,1,2,146.18883073197500000000,12,2
8123,22,104,1-22-2017-104-01,1,1,2,6,146.18883073197500000000,12,2
8219,22,105,1-22-2017-105-02,2,1,1,2,54.24309970837320000000,12,2
8220,22,106,1-22-2017-106-09,9,1,1,8,1949.08373954124000000000,12,2
8266,22,107,1-22-2017-107-07,7,1,1,2,736.17610801726100000000,12,2
8374,22,108,1-22-2017-108-06,6,1,1,8,78.03574184304760000000,12,2
8375,22,109,1-22-2017-109-05,5,1,1,2,87.19041119697200000000,12,2
8425,22,110,1-22-2017-110-05,5,1,1,2,86.78700609320400000000,12,2
8720,22,117,1-22-2017-117-08,8,1,1,2,286.84031103618500000000,12,2
8720,22,117,1-22-2017-117-08,8,1,2,6,286.84031103618500000000,12,2
8814,22,118,1-22-2017-118-05,5,1,1,2,106.50308289546700000000,12,2
8814,22,118,1-22-2017-118-05,5,1,2,6,106.50308289546700000000,12,2
8877,22,119,1-22-2017-119-01,1,1,1,8,96.89001789784920000000,12,2
9032,22,123,1-22-2017-123-10,10,1,1,8,1245.48611073169000000000,12,2
9090,22,124,1-22-2017-124-04,4,1,1,8,103.01408641243800000000,12,2
6093,23,2,1-23-2017-002-07,7,1,1,4,929.10998171390000000000,5,2
6093,23,2,1-23-2017-002-07,7,1,2,4,929.10998171390000000000,5,2
6093,23,2,1-23-2017-002-07,7,1,3,8,929.10998171390000000000,5,2
6130,23,3,1-23-2017-003-06,6,1,1,2,474.46336912695400000000,5,2
6165,23,4,1-23-2017-004-06,6,1,1,2,561.32670563660400000000,5,2
6165,23,4,1-23-2017-004-06,6,1,2,6,561.32670563660400000000,5,2
6166,23,5,1-23-2017-005-04,4,1,1,6,1032.61891630804000000000,5,2
6224,23,6,1-23-2017-006-06,6,1,1,8,224.99542573240000000000,5,2
6345,23,9,1-23-2017-009-03,3,1,1,2,187.82088628250700000000,5,2
6345,23,9,1-23-2017-009-03,3,1,2,6,187.82088628250700000000,5,2
6346,23,10,1-23-2017-010-07,7,1,1,8,713.34414596447200000000,5,2
6346,23,10,1-23-2017-010-07,7,1,2,9,713.34414596447200000000,5,2
6346,23,10,1-23-2017-010-07,7,1,3,2,713.34414596447200000000,5,2
6346,23,10,1-23-2017-010-07,7,1,4,6,713.34414596447200000000,5,2
6447,23,15,1-23-2017-015-10,10,1,1,8,1418.50836194943000000000,5,2
6485,23,17,1-23-2017-017-04,4,2,1,8,625.37084179376600000000,5,2
6570,23,22,1-23-2017-022-10,10,1,1,6,3271.52699969684000000000,5,2
6622,23,24,1-23-2017-024-04,4,1,1,2,617.18919809026900000000,5,2
6622,23,24,1-23-2017-024-04,4,1,2,6,617.18919809026900000000,5,2
6665,23,26,1-23-2017-026-09,9,1,1,8,1013.57112302861000000000,5,2
6738,23,29,1-23-2017-029-04,4,1,1,2,951.59652983793500000000,5,2
6738,23,29,1-23-2017-029-04,4,1,2,6,951.59652983793500000000,5,2
6772,23,30,1-23-2017-030-09,9,1,1,8,1244.94209992097000000000,5,2
6813,23,32,1-23-2017-032-03,3,2,1,2,277.45503934483800000000,5,2
6814,23,33,1-23-2017-033-10,10,1,1,2,4628.54463438301000000000,5,2
6814,23,33,1-23-2017-033-10,10,1,2,6,4628.54463438301000000000,5,2
6856,23,34,1-23-2017-034-02,2,1,1,2,66.34311433204550000000,5,2
6894,23,36,1-23-2017-036-09,9,1,1,6,3971.82932520400000000000,5,2
6978,23,41,1-23-2017-041-03,3,2,1,4,263.11959364713400000000,5,2
7047,23,46,1-23-2017-046-04,4,2,1,2,495.76932010476400000000,5,2
7088,23,47,1-23-2017-047-07,7,1,1,6,527.73963605833200000000,5,2
7099,23,49,1-23-2017-049-05,5,1,1,8,68.47739230354990000000,5,2
7099,23,49,1-23-2017-049-05,5,1,2,9,68.47739230354990000000,5,2
7099,23,49,1-23-2017-049-05,5,1,3,2,68.47739230354990000000,5,2
7099,23,49,1-23-2017-049-05,5,1,4,6,68.47739230354990000000,5,2
7100,23,50,1-23-2017-050-07,7,1,1,8,837.95457491669900000000,5,2
7148,23,51,1-23-2017-051-06,6,1,1,8,406.75249531183600000000,5,2
7199,23,54,1-23-2017-054-09,9,1,1,2,1278.77967815330000000000,5,2
7200,23,55,1-23-2017-055-07,7,1,1,8,805.35258711717200000000,5,2
7201,23,56,1-23-2017-056-03,3,2,1,2,212.04636995758100000000,5,2
7294,23,60,1-23-2017-060-04,4,1,1,6,3008.74527679183000000000,5,2
7347,23,61,1-23-2017-061-04,4,1,1,8,703.85275360393300000000,5,2
7348,23,62,1-23-2017-062-02,3,1,1,8,66.34311433204550000000,5,2
7409,23,64,1-23-2017-064-01,1,1,1,8,90.87988786335920000000,5,2
7409,23,64,1-23-2017-064-01,1,2,1,8,90.87988786335920000000,5,2
7409,23,64,1-23-2017-064-01,1,2,2,9,90.87988786335920000000,5,2
7409,23,64,1-23-2017-064-01,1,2,3,2,90.87988786335920000000,5,2
7411,23,66,1-23-2017-066-03,3,1,1,2,218.25463655683500000000,5,2
7411,23,66,1-23-2017-066-03,3,1,2,6,218.25463655683500000000,5,2
7511,23,67,1-23-2017-067-04,4,1,1,4,605.28574683126800000000,5,2
7511,23,67,1-23-2017-067-04,4,1,2,8,605.28574683126800000000,5,2
7512,23,68,1-23-2017-068-03,3,2,1,2,169.64665344708400000000,5,2
7571,23,70,1-23-2017-070-07,7,1,1,8,524.47352410438000000000,5,2
7571,23,70,1-23-2017-070-07,7,1,2,6,524.47352410438000000000,5,2
7572,23,71,1-23-2017-071-10,10,1,1,6,2303.66960608184000000000,5,2
7697,23,77,1-23-2017-077-03,3,1,1,2,280.70731360026400000000,5,2
7697,23,77,1-23-2017-077-03,3,1,2,6,280.70731360026400000000,5,2
7753,23,79,1-23-2017-079-06,6,1,1,8,206.63210011121400000000,5,2
7754,23,80,1-23-2017-080-03,3,1,1,8,106.53860627661700000000,5,2
7754,23,80,1-23-2017-080-03,3,1,2,9,106.53860627661700000000,5,2
7754,23,80,1-23-2017-080-03,3,1,3,2,106.53860627661700000000,5,2
7754,23,80,1-23-2017-080-03,3,1,4,6,106.53860627661700000000,5,2
7811,23,83,1-23-2017-083-09,9,1,1,6,491.08334428859900000000,5,2
7812,23,84,1-23-2017-084-07,7,3,1,4,309.27551365542200000000,5,2
7813,23,85,1-23-2017-085-06,6,1,1,8,157.93598721944000000000,5,2
7993,23,91,1-23-2017-091-08,8,1,1,6,159.72057021753900000000,5,2
8046,23,94,1-23-2017-094-03,3,2,1,8,181.96488112653600000000,5,2
8047,23,95,1-23-2017-095-10,10,1,1,8,3035.56416265914000000000,5,2
8101,23,96,1-23-2017-096-03,3,1,1,2,139.47658097104600000000,5,2
8240,23,102,1-23-2017-102-01,1,1,1,2,90.87988786335920000000,5,2
8403,23,108,1-23-2017-108-06,6,1,1,8,319.16887261443300000000,5,2
8473,23,111,1-23-2017-111-07,7,1,1,8,655.66709660861900000000,5,2
8536,23,114,1-23-2017-114-04,4,2,1,2,568.59257279991300000000,5,2
8538,23,116,1-23-2017-116-06,6,1,1,8,309.08420395816600000000,5,2
8597,23,118,1-23-2017-118-03,3,1,1,2,159.25357551580600000000,5,2
8685,23,122,1-23-2017-122-06,6,2,1,2,344.12302557765400000000,5,2
8783,23,124,1-23-2017-124-06,6,1,1,8,1313.16746297990000000000,5,2
8784,23,125,1-23-2017-125-03,3,1,1,2,677.06339546653900000000,5,2
8785,23,126,1-23-2017-126-07,7,1,1,6,2571.48828952080000000000,5,2
8845,23,129,1-23-2017-129-03,3,1,1,6,222.50088883826900000000,5,2
8929,23,130,1-23-2017-130-05,5,1,1,6,68.47739230354990000000,5,2
8930,23,131,1-23-2017-131-09,9,1,1,8,1438.95135124352000000000,5,2
8995,23,134,1-23-2017-134-08,8,1,1,8,65.32347782764800000000,5,2
8995,23,134,1-23-2017-134-08,8,1,2,9,65.32347782764800000000,5,2
8995,23,134,1-23-2017-134-08,8,1,3,6,65.32347782764800000000,5,2
6095,24,1,1-24-2017-001-07,7,2,1,4,1057.24455000333000000000,1,2
6229,24,4,1-24-2017-004-07,7,1,1,6,615.74372518113200000000,1,2
6375,24,13,1-24-2017-013-07,7,1,1,4,556.16111162618500000000,1,2
6390,24,14,1-24-2017-014-01,1,2,1,2,176.18296182348300000000,1,2
6464,24,18,1-24-2017-018-10,10,2,1,99,8564.08223958803000000000,1,2
6473,24,19,1-24-2017-019-02,2,1,1,2,89.59015041285330000000,1,2
6525,24,21,1-24-2017-021-03,3,1,1,2,494.85789319068600000000,1,2
6526,24,22,1-24-2017-022-06,6,1,1,2,959.77908203447400000000,1,2
6526,24,22,1-24-2017-022-06,6,1,2,6,959.77908203447400000000,1,2
6574,24,23,1-24-2017-023-06,6,1,1,6,1426.27999266478000000000,1,2
6624,24,26,1-24-2017-026-03,3,1,1,2,239.02638155756200000000,1,2
6624,24,26,1-24-2017-026-03,3,1,2,2,239.02638155756200000000,1,2
6624,24,26,1-24-2017-026-03,3,1,3,2,239.02638155756200000000,1,2
6624,24,26,1-24-2017-026-03,3,1,4,6,239.02638155756200000000,1,2
6702,24,29,1-24-2017-029-01,1,1,1,2,102.18628843108400000000,1,2
6702,24,29,1-24-2017-029-01,1,1,2,6,102.18628843108400000000,1,2
6776,24,33,1-24-2017-033-09,9,1,1,2,3538.97814112905000000000,1,2
6819,24,35,1-24-2017-035-06,6,1,1,8,813.06044173876900000000,1,2
6938,24,42,1-24-2017-042-06,6,1,1,6,668.21132812746700000000,1,2
6975,24,44,1-24-2017-044-07,7,1,1,8,2072.29893804224000000000,1,2
7108,24,53,1-24-2017-053-09,9,1,1,4,1498.36002604596000000000,1,2
7108,24,53,1-24-2017-053-09,9,1,2,5,1498.36002604596000000000,1,2
7106,24,55,1-24-2017-055-07,7,1,1,6,943.64036589777200000000,1,2
7151,24,56,1-24-2017-056-09,9,1,1,8,4169.89128263628000000000,1,2
7203,24,59,1-24-2017-059-10,10,1,1,8,12531.08701503310000000000,1,2
7515,24,69,1-24-2017-069-04,4,1,1,8,1504.86804900456000000000,1,2
7517,24,71,1-24-2017-071-07,7,1,1,8,1274.24037659366000000000,1,2
7620,24,75,1-24-2017-075-03,3,1,1,2,219.95414536256100000000,1,2
7620,24,75,1-24-2017-075-03,3,1,2,6,219.95414536256100000000,1,2
7648,24,78,1-24-2017-078-07,7,1,1,4,928.59409516174700000000,1,2
7700,24,82,1-24-2017-082-10,10,1,1,6,3542.08453945439000000000,1,2
7700,24,82,1-24-2017-082-10,10,2,1,2,3542.08453945439000000000,1,2
7818,24,88,1-24-2017-088-09,9,1,1,6,3104.80702860230000000000,1,2
7872,24,92,1-24-2017-092-10,10,1,1,8,5907.93595895522000000000,1,2
7873,24,93,1-24-2017-093-07,7,1,1,8,1069.92178748759000000000,1,2
8048,24,102,1-24-2017-102-02,2,1,1,8,60.41008269039100000000,1,2
8049,24,103,1-24-2017-103-03,3,1,1,8,776.43006945484900000000,1,2
8050,24,104,1-24-2017-104-05,5,1,1,8,132.31646620467800000000,1,2
8190,24,109,1-24-2017-109-08,8,1,1,8,207.63881584278400000000,1,2
8192,24,111,1-24-2017-111-04,4,2,1,2,1077.33907327286000000000,1,2
8247,24,113,1-24-2017-113-03,3,1,1,4,378.46627256611100000000,1,2
8257,24,114,1-24-2017-114-03,3,1,1,6,378.46627257518800000000,1,2
8400,24,120,1-24-2017-120-03,3,1,1,8,343.82549981593100000000,1,2
8401,24,121,1-24-2017-121-04,4,1,1,8,1472.88009741631000000000,1,2
8524,24,125,1-24-2017-125-03,3,2,1,2,199.87724985656800000000,1,2
8540,24,127,1-24-2017-127-04,4,1,1,2,1100.60322429344000000000,1,2
8540,24,127,1-24-2017-127-04,4,1,2,6,1100.60322429344000000000,1,2
8595,24,129,1-24-2017-129-03,3,1,1,8,327.85118000505000000000,1,2
8667,24,132,1-24-2017-132-04,4,1,1,2,1278.16243613783000000000,1,2
8782,24,135,1-24-2017-135-10,10,1,1,8,5319.38022132995000000000,1,2
8993,24,143,1-24-2017-143-04,4,1,1,2,968.17697393634800000000,1,2
9059,24,144,1-24-2017-144-09,9,2,1,4,2200.61571467920000000000,1,2
6151,25,3,1-25-2017-003-06,6,1,1,2,438.20707190286200000000,2,2
6970,25,8,1-25-2017-008-04,4,1,1,8,510.05298473612200000000,2,2
7352,25,12,1-25-2017-012-04,4,1,1,8,1846.64220332465000000000,2,2
7353,25,13,1-25-2017-013-02,2,2,1,2,59.23580870395590000000,2,2
7416,25,14,1-25-2017-014-02,2,1,1,8,97.59954381317520000000,2,2
7595,25,20,1-25-2017-020-02,2,1,1,2,79.59160302730870000000,2,2
7664,25,21,1-25-2017-021-02,2,1,1,8,59.23580870395590000000,2,2
7711,25,24,1-25-2017-024-01,1,1,1,2,94.69738684641720000000,2,2
7889,25,32,1-25-2017-032-09,9,1,1,8,5634.41491830275000000000,2,2
8199,25,37,1-25-2017-037-03,3,1,1,2,200.65966155622700000000,2,2
8199,25,37,1-25-2017-037-03,3,1,2,6,200.65966155622700000000,2,2
8487,25,46,1-25-2017-046-01,1,1,1,8,316.67564690482100000000,2,2
8628,25,47,1-25-2017-047-01,1,1,1,2,220.04999258550400000000,2,2
8905,25,51,1-25-2017-051-09,9,1,1,8,2248.17585176391000000000,2,2
8905,25,51,1-25-2017-051-09,9,1,2,9,2248.17585176391000000000,2,2
8905,25,51,1-25-2017-051-09,9,1,3,2,2248.17585176391000000000,2,2
8905,25,51,1-25-2017-051-09,9,1,4,6,2248.17585176391000000000,2,2
8947,25,52,1-25-2017-052-04,4,1,1,8,4592.95463857810000000000,2,2
6192,26,2,1-26-2017-002-09,9,1,1,2,3498.03165471544000000000,10,2
6318,26,4,1-26-2017-004-09,9,1,1,98,4450.78214838925000000000,10,2
6377,26,6,1-26-2017-006-04,4,1,1,6,3522.06508047726000000000,10,2
6564,26,12,1-26-2017-012-08,8,1,1,8,356.84362601826200000000,10,2
6770,26,20,1-26-2017-020-09,9,1,1,6,4482.50651550674000000000,10,2
6770,26,20,1-26-2017-020-09,9,1,2,7,4482.50651550674000000000,10,2
6804,26,21,1-26-2017-021-03,3,1,1,2,1072.71573785180000000000,10,2
6846,26,22,1-26-2017-022-03,3,1,1,2,2176.53884370464000000000,10,2
6846,26,22,1-26-2017-022-03,3,1,2,6,2176.53884370464000000000,10,2
6885,26,23,1-26-2017-023-03,3,1,1,2,1592.59780310843000000000,10,2
7073,26,28,1-26-2017-028-09,9,1,1,4,4333.88950040039000000000,10,2
7112,26,29,1-26-2017-029-06,6,1,1,2,1237.10755324379000000000,10,2
7112,26,29,1-26-2017-029-06,6,1,2,6,1237.10755324379000000000,10,2
7427,26,39,1-26-2017-039-09,9,1,1,8,2005.24176090841000000000,10,2
7427,26,39,1-26-2017-039-09,9,1,2,9,2005.24176090841000000000,10,2
7654,26,46,1-26-2017-046-06,6,1,1,8,1140.96324810198000000000,10,2
8114,26,59,1-26-2017-059-07,7,1,1,2,4036.12245847922000000000,10,2
8356,26,63,1-26-2017-063-06,6,1,1,4,571.99872997199300000000,10,2
8386,26,65,1-26-2017-065-07,7,1,1,2,1489.58076062803000000000,10,2
8414,26,66,1-26-2017-066-06,6,1,1,8,2041.29421691573000000000,10,2
8489,26,68,1-26-2017-068-04,4,1,1,2,1328.99402074676000000000,10,2
8489,26,68,1-26-2017-068-04,4,1,2,2,1328.99402074676000000000,10,2
8489,26,68,1-26-2017-068-04,4,1,3,6,1328.99402074676000000000,10,2
8557,26,70,1-26-2017-070-08,8,1,1,2,780.27718872345300000000,10,2
8557,26,70,1-26-2017-070-08,8,1,2,6,780.27718872345300000000,10,2
8853,26,79,1-26-2017-079-06,6,1,1,4,1175.98657313624000000000,10,2
8854,26,80,1-26-2017-080-03,3,1,1,2,810.47864107321700000000,10,2
8932,26,82,1-26-2017-082-09,9,1,1,8,2929.00632154116000000000,10,2
8933,26,83,1-26-2017-083-04,4,1,1,8,1980.09560074148000000000,10,2
9043,26,85,1-26-2017-085-03,3,1,1,2,285.16876480189000000000,10,2
6489,27,2,1-27-2017-002-03,3,1,1,6,78.53530899385370000000,3,2
7617,27,13,1-27-2017-013-09,9,1,1,8,712.18703942628100000000,3,2
7653,27,14,1-27-2017-014-04,4,1,1,8,492.44417240805700000000,3,2
8057,27,22,1-27-2017-022-06,6,1,1,8,156.20174589110700000000,3,2
8129,27,23,1-27-2017-023-01,1,1,1,8,169.36335621310400000000,3,2
8197,27,24,1-27-2017-024-07,7,1,1,8,503.05311768104200000000,3,2
8249,27,25,1-27-2017-025-05,5,1,1,8,86.71960725302260000000,3,2
8349,27,26,1-27-2017-026-02,2,1,1,2,45.16269853089900000000,3,2
8555,27,30,1-27-2017-030-09,9,1,1,8,3566.81437327795000000000,3,2
6148,28,1,1-28-2017-001-04,4,1,1,8,204.80049462017300000000,3,2
6164,28,2,1-28-2017-002-06,6,1,1,6,217.97160040296500000000,3,2
6248,28,3,1-28-2017-003-08,8,1,1,8,115.39700389055000000000,3,2
6297,28,5,1-28-2017-005-08,8,1,1,6,822.52828887404300000000,3,2
6382,28,7,1-28-2017-007-03,3,1,1,8,302.81406404301900000000,3,2
6382,28,7,1-28-2017-007-03,3,1,2,9,302.81406404301900000000,3,2
6382,28,7,1-28-2017-007-03,3,1,3,2,302.81406404301900000000,3,2
6382,28,7,1-28-2017-007-03,3,2,1,8,302.81406404301900000000,3,2
6429,28,8,1-28-2017-008-01,1,1,1,8,180.15142714186900000000,3,2
6562,28,11,1-28-2017-011-07,7,1,1,4,168.25297498927800000000,3,2
6567,28,12,1-28-2017-012-10,10,1,1,2,2590.76862324372000000000,3,2
6567,28,12,1-28-2017-012-10,10,1,2,6,2590.76862324372000000000,3,2
6663,28,14,1-28-2017-014-06,6,1,1,8,483.89166140437000000000,3,2
6699,28,15,1-28-2017-015-09,9,1,1,8,115.28760846082600000000,3,2
6811,28,18,1-28-2017-018-06,6,1,1,2,185.20971671486200000000,3,2
6811,28,18,1-28-2017-018-06,6,1,2,6,185.20971671486200000000,3,2
6855,28,19,1-28-2017-019-06,6,1,1,8,154.88947779631600000000,3,2
6855,28,19,1-28-2017-019-06,6,1,2,9,154.88947779631600000000,3,2
6855,28,19,1-28-2017-019-06,6,1,3,2,154.88947779631600000000,3,2
6855,28,19,1-28-2017-019-06,6,1,4,6,154.88947779631600000000,3,2
6893,28,20,1-28-2017-020-03,3,1,1,2,444.76393519551900000000,3,2
6893,28,20,1-28-2017-020-03,3,1,2,6,444.76393519551900000000,3,2
7008,28,23,1-28-2017-023-09,9,1,1,8,724.06067030216800000000,3,2
7097,28,26,1-28-2017-026-02,2,1,1,2,81.13717102787040000000,3,2
7147,28,28,1-28-2017-028-04,4,1,1,2,451.08912256289800000000,3,2
7147,28,28,1-28-2017-028-04,4,3,1,8,451.08912256289800000000,3,2
7242,28,30,1-28-2017-030-06,6,1,1,2,69.88546716578510000000,3,2
7242,28,30,1-28-2017-030-06,6,1,2,6,69.88546716578510000000,3,2
7247,28,32,1-28-2017-032-01,1,1,1,2,116.18551682354700000000,3,2
7287,28,33,1-28-2017-033-06,6,1,1,2,79.41392918444080000000,3,2
7287,28,33,1-28-2017-033-06,6,1,2,6,79.41392918444080000000,3,2
7291,28,34,1-28-2017-034-06,6,1,1,2,311.85707879823000000000,3,2
7343,28,35,1-28-2017-035-09,9,1,1,2,115.28760846082600000000,3,2
7343,28,35,1-28-2017-035-09,9,1,2,6,115.28760846082600000000,3,2
7408,28,37,1-28-2017-037-07,7,1,1,2,1081.49343808104000000000,3,2
7408,28,37,1-28-2017-037-07,7,1,2,3,1081.49343808104000000000,3,2
7408,28,37,1-28-2017-037-07,7,1,3,8,1081.49343808104000000000,3,2
7568,28,38,1-28-2017-038-07,7,1,1,8,923.86985852251000000000,3,2
7640,28,39,1-28-2017-039-01,1,1,1,8,116.18551682354700000000,3,2
7641,28,40,1-28-2017-040-04,4,1,1,8,700.34994896839500000000,3,2
7702,28,42,1-28-2017-042-02,2,1,1,2,70.52606877123070000000,3,2
7702,28,42,1-28-2017-042-02,2,1,2,6,70.52606877123070000000,3,2
7756,28,43,1-28-2017-043-08,8,1,1,8,124.87171752246000000000,3,2
7809,28,45,1-28-2017-045-04,4,1,1,4,432.32299725737100000000,3,2
7809,28,45,1-28-2017-045-04,4,1,2,8,432.32299725737100000000,3,2
7810,28,46,1-28-2017-046-01,1,1,1,2,128.05981891792600000000,3,2
7810,28,46,1-28-2017-046-01,1,1,2,6,128.05981891792600000000,3,2
7880,28,47,1-28-2017-047-01,1,1,1,2,137.69706046310000000000,3,2
7880,28,47,1-28-2017-047-01,1,1,2,6,137.69706046310000000000,3,2
7881,28,48,1-28-2017-048-01,1,1,1,2,137.69706046310000000000,3,2
7881,28,48,1-28-2017-048-01,1,1,2,6,137.69706046310000000000,3,2
7983,28,50,1-28-2017-050-08,8,1,1,8,151.38868649781500000000,3,2
7984,28,51,1-28-2017-051-04,4,1,1,6,524.12837747522500000000,3,2
8096,28,53,1-28-2017-053-07,7,1,1,2,174.67710264523600000000,3,2
8096,28,53,1-28-2017-053-07,7,1,2,6,174.67710264523600000000,3,2
8104,28,54,1-28-2017-054-09,9,1,1,2,572.42584003220600000000,3,2
8104,28,54,1-28-2017-054-09,9,1,2,6,572.42584003220600000000,3,2
8105,28,55,1-28-2017-055-06,6,1,1,2,120.70703915125400000000,3,2
8105,28,55,1-28-2017-055-06,6,1,2,6,120.70703915125400000000,3,2
8184,28,56,1-28-2017-056-02,2,1,1,2,141.96861352890900000000,3,2
8238,28,57,1-28-2017-057-09,9,1,1,8,1854.63921372180000000000,3,2
8238,28,57,1-28-2017-057-09,9,1,2,9,1854.63921372180000000000,3,2
8238,28,57,1-28-2017-057-09,9,1,3,3,1854.63921372180000000000,3,2
8238,28,57,1-28-2017-057-09,9,1,4,6,1854.63921372180000000000,3,2
8238,28,57,1-28-2017-057-09,9,1,5,7,1854.63921372180000000000,3,2
8239,28,58,1-28-2017-058-06,6,1,1,2,391.08648234603100000000,3,2
8239,28,58,1-28-2017-058-06,6,1,2,6,391.08648234603100000000,3,2
8354,28,59,1-28-2017-059-10,10,1,1,2,10040.02183771190000000000,3,2
8354,28,59,1-28-2017-059-10,10,1,2,3,10040.02183771190000000000,3,2
8354,28,59,1-28-2017-059-10,10,1,3,8,10040.02183771190000000000,3,2
8476,28,62,1-28-2017-062-03,3,1,1,8,383.98680625225000000000,3,2
8596,28,63,1-28-2017-063-04,4,1,1,8,456.03291866644000000000,3,2
8704,28,64,1-28-2017-064-09,9,1,1,2,3000.90381316687000000000,3,2
8704,28,64,1-28-2017-064-09,9,1,2,6,3000.90381316687000000000,3,2
8850,28,67,1-28-2017-067-05,5,1,1,8,104.63450295258000000000,3,2
8964,28,68,1-28-2017-068-08,8,1,1,8,223.41572740517600000000,3,2
8964,28,68,1-28-2017-068-08,8,1,2,9,223.41572740517600000000,3,2
8964,28,68,1-28-2017-068-08,8,1,3,8,223.41572740517600000000,3,2
6191,29,2,1-29-2017-002-05,5,1,1,8,235.12622532289100000000,2,2
6308,29,3,1-29-2017-003-10,10,1,1,2,20830.73511251550000000000,2,2
6499,29,8,1-29-2017-008-06,6,1,1,8,540.08890513671200000000,2,2
6538,29,9,1-29-2017-009-09,9,1,1,2,2720.74723027127000000000,2,2
6568,29,10,1-29-2017-010-04,4,1,1,2,1735.62976673693000000000,2,2
6568,29,10,1-29-2017-010-04,4,1,2,6,1735.62976673693000000000,2,2
6748,29,14,1-29-2017-014-03,3,1,1,6,860.19338867189000000000,2,2
6824,29,16,1-29-2017-016-03,3,1,1,2,1318.37167531291000000000,2,2
6901,29,18,1-29-2017-018-06,6,1,1,8,704.91614497257400000000,2,2
6952,29,19,1-29-2017-019-09,9,1,1,8,1897.18891735628000000000,2,2
8254,29,26,1-29-2017-026-06,6,1,1,8,856.28520130842600000000,2,2
8500,29,28,1-29-2017-028-06,6,1,1,8,617.33110873997800000000,2,2
8621,29,31,1-29-2017-031-06,6,1,1,2,532.35999242736800000000,2,2
8622,29,32,1-29-2017-032-03,3,1,1,6,274.48248154165000000000,2,2
8729,29,34,1-29-2017-034-04,4,1,1,8,1723.79548918093000000000,2,2
8813,29,36,1-29-2017-036-10,10,1,1,8,8578.82685204817000000000,2,2
8967,29,39,1-29-2017-039-04,4,1,1,2,3382.05697688039000000000,2,2
9023,29,40,1-29-2017-040-09,9,1,1,6,919.40372228632500000000,2,2
9096,29,41,1-29-2017-041-09,9,1,1,2,102.78714565165300000000,2,2
9096,29,41,1-29-2017-041-09,9,1,2,6,102.78714565165300000000,2,2
6085,30,1,1-30-2017-001-03,3,1,1,4,73.23997354993520000000,10,2
6085,30,1,1-30-2017-001-03,3,1,2,4,73.23997354993520000000,10,2
6155,30,2,1-30-2017-002-05,5,1,1,2,37.85228067525210000000,10,2
6155,30,2,1-30-2017-002-05,5,1,2,2,37.85228067525210000000,10,2
6155,30,2,1-30-2017-002-05,5,1,3,6,37.85228067525210000000,10,2
6217,30,4,1-30-2017-004-04,4,1,1,8,759.79618390424800000000,10,2
6218,30,5,1-30-2017-005-07,7,1,1,2,889.34075775361100000000,10,2
6219,30,6,1-30-2017-006-04,4,1,1,2,759.79618389696300000000,10,2
6219,30,6,1-30-2017-006-04,4,1,2,6,759.79618389696300000000,10,2
6274,30,7,1-30-2017-007-03,3,1,1,2,195.27034061758200000000,10,2
6274,30,7,1-30-2017-007-03,3,1,2,2,195.27034061758200000000,10,2
6274,30,7,1-30-2017-007-03,3,1,3,2,195.27034061758200000000,10,2
6274,30,7,1-30-2017-007-03,3,1,4,2,195.27034061758200000000,10,2
6274,30,7,1-30-2017-007-03,3,1,5,6,195.27034061758200000000,10,2
6416,30,16,1-30-2017-016-09,9,1,1,6,2649.49636731665000000000,10,2
6416,30,16,1-30-2017-016-09,9,1,2,98,2649.49636731665000000000,10,2
6503,30,22,1-30-2017-022-02,2,1,1,8,80.19480851121660000000,10,2
6552,30,23,1-30-2017-023-03,3,1,1,8,810.32139696941700000000,10,2
6604,30,25,1-30-2017-025-10,10,1,1,4,13435.68844978320000000000,10,2
6648,30,28,1-30-2017-028-08,8,1,1,4,446.57739187959100000000,10,2
6648,30,28,1-30-2017-028-08,8,1,2,4,446.57739187959100000000,10,2
6648,30,28,1-30-2017-028-08,8,1,3,8,446.57739187959100000000,10,2
6686,30,31,1-30-2017-031-04,4,1,1,8,2817.27319638255000000000,10,2
6839,30,40,1-30-2017-040-09,9,1,1,4,3397.36491587046000000000,10,2
6916,30,44,1-30-2017-044-03,3,1,1,8,524.15186877010900000000,10,2
7118,30,52,1-30-2017-052-07,7,1,1,4,1653.59739057328000000000,10,2
7118,30,52,1-30-2017-052-07,7,1,2,4,1653.59739057328000000000,10,2
7118,30,52,1-30-2017-052-07,7,1,3,8,1653.59739057328000000000,10,2
7122,30,54,1-30-2017-054-02,2,1,1,8,35.46946276391870000000,10,2
7122,30,54,1-30-2017-054-02,2,1,2,9,35.46946276391870000000,10,2
7122,30,54,1-30-2017-054-02,2,1,3,2,35.46946276391870000000,10,2
7122,30,54,1-30-2017-054-02,2,1,4,6,35.46946276391870000000,10,2
7564,30,64,1-30-2017-064-07,7,1,1,8,5273.73069432622000000000,10,2
7911,30,76,1-30-2017-076-10,10,1,1,8,20830.73511251550000000000,10,2
8012,30,77,1-30-2017-077-03,3,1,1,2,1794.30440355272000000000,10,2
8012,30,77,1-30-2017-077-03,3,1,2,2,1794.30440355272000000000,10,2
8012,30,77,1-30-2017-077-03,3,1,3,2,1794.30440355272000000000,10,2
8012,30,77,1-30-2017-077-03,3,1,4,6,1794.30440355272000000000,10,2
8379,30,87,1-30-2017-087-07,7,1,1,8,4698.13567351607000000000,10,2
8434,30,88,1-30-2017-088-08,8,1,1,8,1381.56410226577000000000,10,2
8568,30,93,1-30-2017-093-05,5,2,1,4,214.96984617807500000000,10,2
8569,30,94,1-30-2017-094-01,1,1,1,6,296.47353154787200000000,10,2
8731,30,96,1-30-2017-096-09,9,1,1,4,2664.29630240034000000000,10,2
8731,30,96,1-30-2017-096-09,9,1,2,4,2664.29630240034000000000,10,2
8731,30,96,1-30-2017-096-09,9,1,3,4,2664.29630240034000000000,10,2
8731,30,96,1-30-2017-096-09,9,1,4,4,2664.29630240034000000000,10,2
8731,30,96,1-30-2017-096-09,9,1,5,8,2664.29630240034000000000,10,2
8771,30,99,1-30-2017-099-03,3,1,1,2,409.85423768637300000000,10,2
8837,30,102,1-30-2017-102-02,2,1,1,8,61.32447502117920000000,10,2
8887,30,104,1-30-2017-104-03,3,1,1,8,421.16700845550400000000,10,2
8950,30,106,1-30-2017-106-10,10,1,1,4,9575.19094404344000000000,10,2
8950,30,106,1-30-2017-106-10,10,1,2,8,9575.19094404344000000000,10,2
6124,31,1,1-31-2017-001-10,10,1,1,2,1073.84216837139000000000,6,2
6124,31,1,1-31-2017-001-10,10,1,2,6,1073.84216837139000000000,6,2
6240,31,3,1-31-2017-003-09,9,1,1,2,686.22139148783100000000,6,2
6240,31,3,1-31-2017-003-09,9,1,2,6,686.22139148783100000000,6,2
6241,31,4,1-31-2017-004-06,6,1,1,8,374.46925544577300000000,6,2
6311,31,5,1-31-2017-005-03,3,1,1,8,562.11522338877600000000,6,2
6505,31,7,1-31-2017-007-04,4,2,1,2,2792.73572987369000000000,6,2
6599,31,10,1-31-2017-010-08,8,1,1,2,533.58540815661800000000,6,2
6599,31,10,1-31-2017-010-08,8,1,2,6,533.58540815661800000000,6,2
6672,31,11,1-31-2017-011-07,7,1,1,8,1255.56663445132000000000,6,2
6799,31,15,1-31-2017-015-03,3,1,1,2,749.39825076123100000000,6,2
6799,31,15,1-31-2017-015-03,3,2,1,2,749.39825076123100000000,6,2
7061,31,23,1-31-2017-023-08,8,1,1,6,533.58540815661800000000,6,2
7114,31,24,1-31-2017-024-09,9,1,1,8,686.22139148783100000000,6,2
7167,31,25,1-31-2017-025-03,3,1,1,2,471.72414428540900000000,6,2
7167,31,25,1-31-2017-025-03,3,1,2,3,471.72414428540900000000,6,2
7167,31,25,1-31-2017-025-03,3,1,3,8,471.72414428540900000000,6,2
7208,31,28,1-31-2017-028-09,9,1,1,8,686.22139148783100000000,6,2
7431,31,32,1-31-2017-032-06,6,1,1,2,561.11655983670000000000,6,2
7431,31,32,1-31-2017-032-06,6,1,2,6,561.11655983670000000000,6,2
7537,31,33,1-31-2017-033-09,9,1,1,2,1539.73058488066000000000,6,2
7537,31,33,1-31-2017-033-09,9,1,2,3,1539.73058488066000000000,6,2
7537,31,33,1-31-2017-033-09,9,1,3,4,1539.73058488066000000000,6,2
7537,31,33,1-31-2017-033-09,9,1,4,8,1539.73058488066000000000,6,2
7538,31,34,1-31-2017-034-04,4,1,1,2,2328.51790892268000000000,6,2
7790,31,38,1-31-2017-038-08,8,1,1,8,533.58540815661800000000,6,2
7805,31,39,1-31-2017-039-09,9,1,1,8,1663.27604062427000000000,6,2
7805,31,39,1-31-2017-039-09,9,1,2,9,1663.27604062427000000000,6,2
8110,31,42,1-31-2017-042-08,8,1,1,2,533.58540815661800000000,6,2
8110,31,42,1-31-2017-042-08,8,1,2,6,533.58540815661800000000,6,2
8501,31,43,1-31-2017-043-08,8,1,1,8,595.99305823341500000000,6,2
8563,31,44,1-31-2017-044-07,7,1,1,8,4475.48751957649000000000,6,2
8623,31,45,1-31-2017-045-10,10,1,1,8,1073.84216837139000000000,6,2
8806,31,48,1-31-2017-048-09,9,1,1,8,5792.34519201867000000000,6,2
8892,31,50,1-31-2017-050-10,10,1,1,8,1073.84216837139000000000,6,2
6042,32,1,1-32-2017-001-09,9,1,1,6,439.98880808745900000000,7,2
6232,32,6,1-32-2017-006-04,4,1,1,8,2047.48443634482000000000,7,2
6233,32,7,1-32-2017-007-09,9,1,1,8,3404.16805142899000000000,7,2
6392,32,13,1-32-2017-013-01,1,1,1,4,473.93014835835700000000,7,2
6392,32,13,1-32-2017-013-01,1,1,2,4,473.93014835835700000000,7,2
6392,32,13,1-32-2017-013-01,1,1,3,8,473.93014835835700000000,7,2
6483,32,17,1-32-2017-017-06,6,1,1,4,2740.36038785260000000000,7,2
6576,32,21,1-32-2017-021-10,10,1,1,2,20830.73511251550000000000,7,2
6576,32,21,1-32-2017-021-10,10,1,2,6,20830.73511251550000000000,7,2
6625,32,23,1-32-2017-023-03,3,1,1,8,1645.37305184942000000000,7,2
6626,32,24,1-32-2017-024-03,3,1,1,8,1645.37305184523000000000,7,2
6670,32,26,1-32-2017-026-09,9,1,1,2,10613.98955356260000000000,7,2
6670,32,26,1-32-2017-026-09,9,1,2,6,10613.98955356260000000000,7,2
6708,32,27,1-32-2017-027-03,3,1,1,8,1513.61702994703000000000,7,2
6709,32,28,1-32-2017-028-05,5,1,1,2,257.94526058209200000000,7,2
6743,32,29,1-32-2017-029-09,9,1,1,2,11898.59044141580000000000,7,2
6778,32,31,1-32-2017-031-07,7,1,1,4,5306.80771863192000000000,7,2
6821,32,34,1-32-2017-034-03,3,1,1,4,1687.85652753375000000000,7,2
6847,32,35,1-32-2017-035-01,1,1,1,2,396.69383927176600000000,7,2
6847,32,35,1-32-2017-035-01,1,1,2,2,396.69383927176600000000,7,2
6847,32,35,1-32-2017-035-01,1,1,3,6,396.69383927176600000000,7,2
6987,32,44,1-32-2017-044-03,3,1,1,8,889.05401556377100000000,7,2
7011,32,46,1-32-2017-046-02,2,1,1,8,199.81596105114200000000,7,2
7053,32,48,1-32-2017-048-03,3,1,1,2,841.13676141476200000000,7,2
7103,32,53,1-32-2017-053-07,7,1,1,4,4690.24426634406000000000,7,2
7158,32,56,1-32-2017-056-10,10,1,1,8,11743.75446461050000000000,7,2
7206,32,61,1-32-2017-061-06,6,1,1,8,1502.03202596143000000000,7,2
7299,32,69,1-32-2017-069-03,3,1,1,2,678.98210436141800000000,7,2
7299,32,69,1-32-2017-069-03,3,1,2,6,678.98210436141800000000,7,2
7356,32,72,1-32-2017-072-02,2,1,1,4,94.58070824965230000000,7,2
7521,32,80,1-32-2017-080-03,3,1,1,6,1166.26283887066000000000,7,2
7522,32,81,1-32-2017-081-03,3,1,1,8,1166.26283887602000000000,7,2
7651,32,84,1-32-2017-084-02,2,1,1,4,58.31314601224810000000,7,2
7651,32,84,1-32-2017-084-02,2,1,2,8,58.31314601224810000000,7,2
7706,32,87,1-32-2017-087-03,3,1,1,8,1044.02554058548000000000,7,2
7707,32,88,1-32-2017-088-09,9,1,1,8,6009.97176670874000000000,7,2
7762,32,91,1-32-2017-091-03,3,2,1,4,690.83474118155100000000,7,2
7806,32,93,1-32-2017-093-06,6,1,1,4,1339.87704916561000000000,7,2
7806,32,93,1-32-2017-093-06,6,1,2,4,1339.87704916561000000000,7,2
7806,32,93,1-32-2017-093-06,6,1,3,8,1339.87704916561000000000,7,2
7815,32,95,1-32-2017-095-02,2,2,1,2,62.53208869677920000000,7,2
7917,32,100,1-32-2017-100-06,6,1,1,8,1559.46989103299000000000,7,2
7933,32,102,1-32-2017-102-07,7,1,1,4,2386.69130050243000000000,7,2
7980,32,105,1-32-2017-105-07,7,1,1,6,1697.99965014925000000000,7,2
8043,32,108,1-32-2017-108-04,4,2,1,2,1621.64908752691000000000,7,2
8059,32,109,1-32-2017-109-01,1,1,1,2,260.67564091819700000000,7,2
8059,32,109,1-32-2017-109-01,1,1,2,3,260.67564091819700000000,7,2
8059,32,109,1-32-2017-109-01,1,2,1,98,260.67564091819700000000,7,2
8061,32,111,1-32-2017-111-07,7,1,1,2,4020.98231058148000000000,7,2
8244,32,119,1-32-2017-119-02,2,1,1,2,180.92125064642700000000,7,2
8244,32,119,1-32-2017-119-02,2,1,2,6,180.92125064642700000000,7,2
8345,32,121,1-32-2017-121-09,9,2,1,2,13617.39825112580000000000,7,2
8482,32,130,1-32-2017-130-02,2,1,1,2,122.37293885271400000000,7,2
8502,32,133,1-32-2017-133-02,2,1,1,2,122.37293885271400000000,7,2
8592,32,138,1-32-2017-138-06,6,1,1,4,1714.99079327111000000000,7,2
8603,32,139,1-32-2017-139-02,2,1,1,4,38.45161941560810000000,7,2
8603,32,139,1-32-2017-139-02,2,1,2,2,38.45161941560810000000,7,2
8759,32,144,1-32-2017-144-02,2,1,1,4,67.87029426425760000000,7,2
8794,32,146,1-32-2017-146-01,1,1,1,4,249.08747836634000000000,7,2
8794,32,146,1-32-2017-146-01,1,1,2,4,249.08747836634000000000,7,2
8794,32,146,1-32-2017-146-01,1,1,3,8,249.08747836634000000000,7,2
8890,32,152,1-32-2017-152-01,1,1,1,2,174.50197157516000000000,7,2
8890,32,152,1-32-2017-152-01,1,1,2,2,174.50197157516000000000,7,2
8890,32,152,1-32-2017-152-01,1,1,3,6,174.50197157516000000000,7,2
8891,32,153,1-32-2017-153-02,2,1,1,4,57.73735477472060000000,7,2
8899,32,154,1-32-2017-154-07,7,1,1,6,2691.73344465878000000000,7,2
8982,32,158,1-32-2017-158-09,9,1,1,4,8277.46752949088000000000,7,2
8982,32,158,1-32-2017-158-09,9,1,2,8,8277.46752949088000000000,7,2
6203,33,2,1-33-2017-002-03,3,1,1,8,119.34250582086200000000,12,2
6204,33,3,1-33-2017-003-09,9,1,1,2,564.25427730658900000000,12,2
6204,33,3,1-33-2017-003-09,9,1,2,6,564.25427730658900000000,12,2
6260,33,4,1-33-2017-004-09,9,1,1,2,275.58801350289000000000,12,2
6260,33,4,1-33-2017-004-09,9,1,2,6,275.58801350289000000000,12,2
6260,33,4,1-33-2017-004-09,9,2,1,8,275.58801350289000000000,12,2
6323,33,7,1-33-2017-007-09,9,1,1,2,766.82271062251600000000,12,2
6323,33,7,1-33-2017-007-09,9,1,2,6,766.82271062251600000000,12,2
6359,33,9,1-33-2017-009-03,3,1,1,8,156.52649757803300000000,12,2
6402,33,12,1-33-2017-012-04,4,1,1,2,266.91631532957900000000,12,2
6402,33,12,1-33-2017-012-04,4,1,2,3,266.91631532957900000000,12,2
6402,33,12,1-33-2017-012-04,4,1,3,2,266.91631532957900000000,12,2
6402,33,12,1-33-2017-012-04,4,1,4,6,266.91631532957900000000,12,2
6411,33,13,1-33-2017-013-07,7,1,1,8,357.52833036051000000000,12,2
6451,33,14,1-33-2017-014-03,3,1,1,2,138.48070582858400000000,12,2
6451,33,14,1-33-2017-014-03,3,1,2,6,138.48070582858400000000,12,2
6510,33,16,1-33-2017-016-05,5,1,1,2,68.04979867582370000000,12,2
6510,33,16,1-33-2017-016-05,5,1,2,6,68.04979867582370000000,12,2
6546,33,18,1-33-2017-018-09,9,1,1,6,236.89591238906500000000,12,2
6593,33,20,1-33-2017-020-03,3,1,1,6,100.55935913971500000000,12,2
6593,33,20,1-33-2017-020-03,3,1,2,7,100.55935913971500000000,12,2
6593,33,20,1-33-2017-020-03,3,1,3,8,100.55935913971500000000,12,2
6603,33,22,1-33-2017-022-09,9,1,1,2,475.44710183112800000000,12,2
6603,33,22,1-33-2017-022-09,9,1,2,3,475.44710183112800000000,12,2
6603,33,22,1-33-2017-022-09,9,1,3,8,475.44710183112800000000,12,2
6643,33,23,1-33-2017-023-06,6,1,1,2,151.55835338118000000000,12,2
6643,33,23,1-33-2017-023-06,6,1,2,3,151.55835338118000000000,12,2
6643,33,23,1-33-2017-023-06,6,1,3,8,151.55835338118000000000,12,2
6689,33,25,1-33-2017-025-01,1,1,1,2,72.21386212384040000000,12,2
6720,33,27,1-33-2017-027-07,7,2,1,8,759.16582637491600000000,12,2
6720,33,27,1-33-2017-027-07,7,2,2,9,759.16582637491600000000,12,2
6720,33,27,1-33-2017-027-07,7,2,3,2,759.16582637491600000000,12,2
6721,33,28,1-33-2017-028-03,3,1,1,8,199.02885788511000000000,12,2
6721,33,28,1-33-2017-028-03,3,1,2,9,199.02885788511000000000,12,2
6763,33,30,1-33-2017-030-09,9,1,1,8,487.43614859942200000000,12,2
6836,33,34,1-33-2017-034-08,8,1,1,2,217.88413356587100000000,12,2
6836,33,34,1-33-2017-034-08,8,1,2,3,217.88413356587100000000,12,2
6836,33,34,1-33-2017-034-08,8,1,3,8,217.88413356587100000000,12,2
6837,33,35,1-33-2017-035-06,6,2,1,4,345.47842926931000000000,12,2
6914,33,38,1-33-2017-038-03,3,1,1,8,169.36539100801200000000,12,2
6914,33,38,1-33-2017-038-03,3,1,2,9,169.36539100801200000000,12,2
7025,33,43,1-33-2017-043-06,6,1,1,8,85.66873035407830000000,12,2
7025,33,43,1-33-2017-043-06,6,1,2,9,85.66873035407830000000,12,2
7082,33,46,1-33-2017-046-03,3,1,1,2,62.99306577741990000000,12,2
7082,33,46,1-33-2017-046-03,3,1,2,6,62.99306577741990000000,12,2
7135,33,48,1-33-2017-048-06,6,1,1,2,202.72237169837300000000,12,2
7135,33,48,1-33-2017-048-06,6,1,2,6,202.72237169837300000000,12,2
7135,33,48,1-33-2017-048-06,6,1,3,7,202.72237169837300000000,12,2
7135,33,48,1-33-2017-048-06,6,1,4,3,202.72237169837300000000,12,2
7135,33,48,1-33-2017-048-06,6,1,5,5,202.72237169837300000000,12,2
7135,33,48,1-33-2017-048-06,6,1,6,4,202.72237169837300000000,12,2
7135,33,48,1-33-2017-048-06,6,1,7,2,202.72237169837300000000,12,2
7135,33,48,1-33-2017-048-06,6,1,8,6,202.72237169837300000000,12,2
7136,33,49,1-33-2017-049-09,9,2,1,8,660.57266280556000000000,12,2
7175,33,53,1-33-2017-053-06,6,1,1,4,66.45751307937520000000,12,2
7229,33,56,1-33-2017-056-09,9,1,1,8,1421.64094329572000000000,12,2
7278,33,57,1-33-2017-057-07,7,1,1,2,725.14775438436100000000,12,2
7325,33,61,1-33-2017-061-09,9,1,1,8,75.33072173265770000000,12,2
7325,33,61,1-33-2017-061-09,9,1,2,9,75.33072173265770000000,12,2
7325,33,61,1-33-2017-061-09,9,1,3,2,75.33072173265770000000,12,2
7325,33,61,1-33-2017-061-09,9,1,4,2,75.33072173265770000000,12,2
7325,33,61,1-33-2017-061-09,9,1,5,6,75.33072173265770000000,12,2
7326,33,62,1-33-2017-062-09,9,1,1,6,75.33072173265770000000,12,2
7386,33,65,1-33-2017-065-09,9,1,1,2,231.34839188833400000000,12,2
7603,33,71,1-33-2017-071-10,10,1,1,8,339.78888249181600000000,12,2
7603,33,71,1-33-2017-071-10,10,1,2,9,339.78888249181600000000,12,2
7603,33,71,1-33-2017-071-10,10,1,3,2,339.78888249181600000000,12,2
7603,33,71,1-33-2017-071-10,10,1,4,6,339.78888249181600000000,12,2
7675,33,73,1-33-2017-073-10,10,1,1,2,2616.24296219090000000000,12,2
7675,33,73,1-33-2017-073-10,10,1,2,3,2616.24296219090000000000,12,2
7675,33,73,1-33-2017-073-10,10,1,3,8,2616.24296219090000000000,12,2
7677,33,75,1-33-2017-075-02,2,1,1,2,66.33530947609500000000,12,2
7732,33,76,1-33-2017-076-07,7,2,1,2,213.44363844088000000000,12,2
7734,33,78,1-33-2017-078-09,9,1,1,2,264.57105160770200000000,12,2
7734,33,78,1-33-2017-078-09,9,1,2,6,264.57105160770200000000,12,2
7843,33,81,1-33-2017-081-08,8,1,1,2,103.23654905316700000000,12,2
7843,33,81,1-33-2017-081-08,8,1,2,6,103.23654905316700000000,12,2
7853,33,82,1-33-2017-082-06,6,1,1,8,163.69251044748400000000,12,2
7905,33,85,1-33-2017-085-03,3,1,1,2,91.26521903759620000000,12,2
7965,33,86,1-33-2017-086-07,7,1,1,2,433.72175667247400000000,12,2
7965,33,86,1-33-2017-086-07,7,1,2,6,433.72175667247400000000,12,2
8014,33,90,1-33-2017-090-01,1,1,1,2,72.21386212384040000000,12,2
8014,33,90,1-33-2017-090-01,1,1,2,2,72.21386212384040000000,12,2
8014,33,90,1-33-2017-090-01,1,1,3,6,72.21386212384040000000,12,2
8166,33,95,1-33-2017-095-04,4,1,1,8,180.54319452656300000000,12,2
8221,33,98,1-33-2017-098-08,8,1,1,8,141.42218665206600000000,12,2
8221,33,98,1-33-2017-098-08,8,1,2,9,141.42218665206600000000,12,2
8221,33,98,1-33-2017-098-08,8,1,3,2,141.42218665206600000000,12,2
8221,33,98,1-33-2017-098-08,8,1,4,6,141.42218665206600000000,12,2
8222,33,99,1-33-2017-099-06,6,1,1,8,224.23989351026400000000,12,2
8380,33,109,1-33-2017-109-03,3,1,1,8,65.87271339701280000000,12,2
8387,33,110,1-33-2017-110-03,3,1,1,2,65.87271339701280000000,12,2
8387,33,110,1-33-2017-110-03,3,1,2,3,65.87271339701280000000,12,2
8387,33,110,1-33-2017-110-03,3,1,3,4,65.87271339701280000000,12,2
8387,33,110,1-33-2017-110-03,3,1,4,8,65.87271339701280000000,12,2
8441,33,113,1-33-2017-113-09,9,1,1,2,296.88994567195400000000,12,2
8441,33,113,1-33-2017-113-09,9,1,2,3,296.88994567195400000000,12,2
8441,33,113,1-33-2017-113-09,9,1,3,8,296.88994567195400000000,12,2
8516,33,116,1-33-2017-116-10,10,2,1,2,1675.65540789090000000000,12,2
8577,33,118,1-33-2017-118-07,7,1,1,8,3431.72773270153000000000,12,2
8578,33,119,1-33-2017-119-02,2,1,1,8,66.33530947609500000000,12,2
8744,33,123,1-33-2017-123-10,10,1,1,2,1331.99271077784000000000,12,2
8744,33,123,1-33-2017-123-10,10,1,2,6,1331.99271077784000000000,12,2
8745,33,124,1-33-2017-124-04,4,1,1,6,271.65185911183200000000,12,2
8822,33,125,1-33-2017-125-10,10,1,1,8,947.23990857517600000000,12,2
8823,33,126,1-33-2017-126-06,6,1,1,2,98.43427572744660000000,12,2
8824,33,127,1-33-2017-127-06,6,1,1,8,98.43427572744660000000,12,2
8872,33,129,1-33-2017-129-04,4,1,1,6,65.00909359072760000000,12,2
8873,33,130,1-33-2017-130-04,4,1,1,2,65.00909359072760000000,12,2
8873,33,130,1-33-2017-130-04,4,1,2,6,65.00909359072760000000,12,2
9051,33,136,1-33-2017-136-06,6,1,1,2,215.21235860755800000000,12,2
